filename	bgg	eg
/dev/datasets/FairWind/_results/cut/illuminaless/sample-1-1_R1_Illuminaless.fastq.gz	4.202400000000001	7.4667
/dev/datasets/FairWind/_results/cut/illuminaless/sample-1-1_R2_Illuminaless.fastq.gz	4.672600000000001	8.31
/dev/datasets/FairWind/_results/cut/illuminaless/sample-1-2_R1_Illuminaless.fastq.gz	2.7016999999999998	7.2244
/dev/datasets/FairWind/_results/cut/illuminaless/sample-1-2_R2_Illuminaless.fastq.gz	3.062	8.0044
/dev/datasets/FairWind/_results/cut/illuminaless/sample-1-3_R1_Illuminaless.fastq.gz	4.559800000000001	1.5463999999999998
/dev/datasets/FairWind/_results/cut/illuminaless/sample-1-3_R2_Illuminaless.fastq.gz	4.520800000000001	1.5740999999999996
/dev/datasets/FairWind/_results/cut/illuminaless/sample-1-4_R1_Illuminaless.fastq.gz	0.05800000000000002	0.09949999999999999
/dev/datasets/FairWind/_results/cut/illuminaless/sample-1-4_R2_Illuminaless.fastq.gz	0.0497	0.1001
/dev/datasets/FairWind/_results/cut/illuminaless/sample-1-5_R1_Illuminaless.fastq.gz	3.936300000000001	2.0197
/dev/datasets/FairWind/_results/cut/illuminaless/sample-1-5_R2_Illuminaless.fastq.gz	3.914800000000001	2.0937
/dev/datasets/FairWind/_results/cut/illuminaless/sample-1-6_R1_Illuminaless.fastq.gz	6.7795000000000005	4.2671
/dev/datasets/FairWind/_results/cut/illuminaless/sample-1-6_R2_Illuminaless.fastq.gz	7.648600000000002	4.885300000000001
/dev/datasets/FairWind/_results/cut/illuminaless/sample-1-7_R1_Illuminaless.fastq.gz	1.8973	6.8179
/dev/datasets/FairWind/_results/cut/illuminaless/sample-1-7_R2_Illuminaless.fastq.gz	2.1087000000000002	7.6074
/dev/datasets/FairWind/_results/cut/illuminaless/sample-1-8_R1_Illuminaless.fastq.gz	3.1080999999999994	10.556000000000001
/dev/datasets/FairWind/_results/cut/illuminaless/sample-1-8_R2_Illuminaless.fastq.gz	3.791899999999999	11.9103
/dev/datasets/FairWind/_results/cut/illuminaless/sample-1-9_R1_Illuminaless.fastq.gz	2.4522999999999997	7.5123999999999995
/dev/datasets/FairWind/_results/cut/illuminaless/sample-1-9_R2_Illuminaless.fastq.gz	2.8307999999999995	8.2528
/dev/datasets/FairWind/_results/dangling_cut/s3_FR_RF_0_R1_Illuminaless.fastq.gz	7.726399999999997	3.0259
/dev/datasets/FairWind/_results/dangling_cut/s3_FR_RF_0_R2_Illuminaless.fastq.gz	8.235699999999998	2.5067
/dev/datasets/FairWind/_results/dangling_cut/s5_FR_RF_0_R1_Illuminaless.fastq.gz	6.754199999999999	3.4842999999999993
/dev/datasets/FairWind/_results/dangling_cut/s5_FR_RF_0_R2_Illuminaless.fastq.gz	7.216099999999999	2.6681
/dev/datasets/FairWind/_results/dangling_cut/s7_FR_RF_0_R1_Illuminaless.fastq.gz	3.423100000000001	15.3724
/dev/datasets/FairWind/_results/dangling_cut/s7_FR_RF_0_R2_Illuminaless.fastq.gz	3.8474000000000017	17.624499999999994
/dev/datasets/FairWind/_results/dangling_cut/s8_FR_RF_0_R1_Illuminaless.fastq.gz	4.131399999999999	19.868199999999998
/dev/datasets/FairWind/_results/dangling_cut/s8_FR_RF_0_R2_Illuminaless.fastq.gz	5.1396000000000015	23.277499999999996
