gene_id,ncbi_id,wt,mut,log2_fold_change,q_value
XLOC_016044,-,0.00894046,2.28133,7.99531,0.0331483
XLOC_010405,NM_019212,0.085853,21.7752,7.9866,0.0211923
XLOC_014760,NM_130754,0.122189,25.3919,7.69911,0.00091399
XLOC_016499,-,0.323082,41.3346,6.9993,0.00091399
XLOC_001548,NM_001256509,0.0526205,5.52295,6.71367,0.00091399
XLOC_013923,NM_017016,9.9698,1020.4,6.67735,0.00091399
XLOC_006942,NM_053647,0.11742,10.4343,6.47351,0.00565383
XLOC_005790,NM_017184,0.603526,36.1878,5.90594,0.00091399
XLOC_006441,NM_012912,0.874037,34.7405,5.31278,0.00091399
XLOC_008549,NM_001013137,0.063888,2.33344,5.19077,0.0120858
XLOC_000902,NM_017185,0.106508,3.59717,5.07783,0.0227163
XLOC_013299,NM_001258011,2.1221,69.0906,5.02492,0.00091399
XLOC_012964,-,0.0208916,0.675668,5.01532,0.00504462
XLOC_005485,NM_181080,0.065616,1.95356,4.89591,0.00091399
XLOC_001544,NM_012714,0.0369233,1.03085,4.80315,0.0105755
XLOC_011542,NM_001109556,1.59996,44.2611,4.78993,0.00091399
XLOC_017237,NM_022197,0.424843,11.5205,4.76113,0.00091399
XLOC_006943,NM_030845,1.21066,31.6236,4.70713,0.00091399
XLOC_010320,NM_001135583,0.159324,4.09777,4.6848,0.00091399
XLOC_019365,NM_053963,0.39333,10.0649,4.67745,0.00091399
XLOC_018674,NM_001008321,2.86956,73.0088,4.66917,0.00091399
XLOC_005115,NM_012620,1.22372,29.839,4.60785,0.00091399
XLOC_006784,NM_001106018,0.119612,2.75487,4.52554,0.00843491
XLOC_002162,NM_001170476,0.0869558,1.69628,4.28595,0.00091399
XLOC_004240,-,0.0812524,1.52794,4.23303,0.0135624
XLOC_017909,-,0.282171,5.30449,4.23257,0.00091399
XLOC_014399,-,0.0317714,0.592748,4.22162,0.0437457
XLOC_013635,-,0.0358558,0.665503,4.21417,0.00680422
XLOC_018400,NM_001130573,0.841234,15.4801,4.20177,0.00091399
XLOC_017907,-,0.12682,2.26961,4.16159,0.00091399
XLOC_009000,-,1.29459,22.7419,4.13478,0.00091399
XLOC_012399,NM_031971,1.2414,20.8833,4.07231,0.00091399
XLOC_016784,NM_173103,0.0691896,1.15723,4.06398,0.00091399
XLOC_000917,-,0.0488967,0.8056,4.04225,0.00091399
XLOC_000703,-,0.0272665,0.44874,4.04068,0.00378103
XLOC_013727,-,0.0555344,0.907223,4.03,0.00091399
XLOC_018212,NM_001271272,0.329597,5.19516,3.97839,0.00091399
XLOC_010555,NM_022604,0.828783,12.954,3.96626,0.00091399
XLOC_017651,NM_019371,3.06909,45.1598,3.87915,0.00091399
XLOC_016052,NM_053402,0.858118,12.522,3.86714,0.00091399
XLOC_006664,-,1.04758,15.0715,3.84669,0.00091399
XLOC_012815,NM_001106481,0.206395,2.85171,3.78835,0.00091399
XLOC_007972,NM_019216,0.700869,9.66183,3.78508,0.0271722
XLOC_011821,NM_020540,1.85414,24.7957,3.74127,0.00091399
XLOC_015650,-,0.0416022,0.536258,3.6882,0.00170197
XLOC_003048,NM_031530,0.863128,10.6215,3.62127,0.00091399
XLOC_016581,-,0.0957264,1.16725,3.60806,0.00091399
XLOC_017811,NM_053595,0.162936,1.98547,3.6071,0.00091399
XLOC_012517,-,0.197335,2.34026,3.56795,0.00243731
XLOC_005234,-,0.610969,7.23659,3.56614,0.00091399
XLOC_000843,-,0.688369,8.0789,3.5529,0.00091399
XLOC_014502,NM_001104527,1.13835,13.1736,3.53263,0.00091399
XLOC_010754,NM_001109558,4.88351,56.271,3.5264,0.00091399
XLOC_012310,-,0.0767612,0.879205,3.51775,0.00091399
XLOC_000904,NM_001270678,0.658865,7.46142,3.50139,0.00091399
XLOC_009847,-,0.092988,1.04408,3.48904,0.00091399
XLOC_014232,-,0.488135,5.45298,3.48169,0.00091399
XLOC_016125,NM_001106698,0.31359,3.45958,3.46365,0.00091399
XLOC_008748,-,0.224236,2.42278,3.43358,0.00170197
XLOC_000640,NM_022235,0.586138,6.32426,3.43159,0.00091399
XLOC_016500,NM_001109262,0.339184,3.54634,3.38619,0.00091399
XLOC_014690,NM_001024334,3.62444,37.0286,3.35281,0.00091399
XLOC_008926,-,0.117418,1.1917,3.34329,0.00843491
XLOC_011809,NM_020091,0.609516,6.04044,3.30892,0.00091399
XLOC_000705,-,0.0442233,0.436394,3.30275,0.00444182
XLOC_007501,NM_001107284,0.177386,1.74521,3.29844,0.00091399
XLOC_006752,NM_022196,0.0555698,0.546673,3.29831,0.00091399
XLOC_003687,-,0.0784712,0.738382,3.23413,0.00091399
XLOC_001185,NM_001106361,0.0510117,0.477662,3.22709,0.0327776
XLOC_009003,-,0.492924,4.5975,3.22141,0.00091399
XLOC_001945,-,0.205832,1.90293,3.20869,0.00091399
XLOC_012622,-,0.164571,1.52115,3.20838,0.00091399
XLOC_020720,NM_053953,2.29475,20.6443,3.16933,0.00091399
XLOC_005072,NM_001033679,3.62071,32.5635,3.16891,0.00091399
XLOC_011289,-,0.221838,1.97952,3.15757,0.00243731
XLOC_005601,NM_053962,43.5042,386.647,3.15179,0.00091399
XLOC_018791,NM_001100758,0.127233,1.11634,3.13324,0.00091399
XLOC_006205,NM_019336,0.399017,3.47482,3.12242,0.00091399
XLOC_005838,NM_001077589,5.67431,49.3832,3.1215,0.00091399
XLOC_019462,NM_139097,0.311148,2.69848,3.11647,0.00091399
XLOC_003265,NM_001013973,0.12374,1.06349,3.10342,0.0264978
XLOC_015891,NM_138827,3.81191,32.3788,3.08646,0.00091399
XLOC_010540,-,0.388212,3.22237,3.0532,0.0386228
XLOC_003476,-,0.775036,6.34913,3.03423,0.00091399
XLOC_006403,-,0.218009,1.78035,3.0297,0.00091399
XLOC_020211,NM_001012465,0.171388,1.37957,3.00888,0.0149421
XLOC_016458,NM_021835,8.71081,68.1663,2.96818,0.00091399
XLOC_002161,NM_022521,15.9942,125.107,2.96755,0.00091399
XLOC_005478,NM_031970,1.82477,14.1964,2.95974,0.00091399
XLOC_018330,NM_001170597,0.0832926,0.640534,2.94301,0.0294129
XLOC_018156,NM_001108991,0.201559,1.53306,2.92714,0.00170197
XLOC_011316,NM_019217,0.142155,1.07489,2.91864,0.00091399
XLOC_015711,-,0.379778,2.8448,2.9051,0.00091399
XLOC_014799,NM_012843,22.8437,171.03,2.90438,0.00091399
XLOC_002225,NM_001033757,6.32126,46.9498,2.89283,0.00091399
XLOC_005535,-,0.0942742,0.69436,2.88075,0.0145433
XLOC_011775,NM_001106456,0.324451,2.38004,2.87492,0.00091399
XLOC_021995,NM_031612,0.264643,1.91408,2.85453,0.00091399
XLOC_008691,NM_133285,0.690105,4.96301,2.84633,0.00091399
XLOC_011410,NM_001005384,0.684512,4.91378,2.84368,0.00091399
XLOC_002543,-,0.0969223,0.686934,2.82527,0.0454751
XLOC_018081,NM_001108742,0.0753822,0.532384,2.82017,0.00091399
XLOC_008375,NM_053650,0.575392,4.05596,2.81743,0.00091399
XLOC_018346,NM_173331,0.0907761,0.63708,2.81109,0.0203689
XLOC_005073,NM_001033679,8.02264,55.2259,2.7832,0.00091399
XLOC_006293,NM_017214,2.11967,14.5351,2.77762,0.00091399
XLOC_014315,-,0.329139,2.23946,2.76638,0.0211923
XLOC_007092,NM_001130062,0.07372,0.501315,2.76559,0.0362239
XLOC_014317,-,0.372922,2.51678,2.75463,0.00091399
XLOC_013234,NM_053472,2.18438,14.3194,2.71268,0.00091399
XLOC_014516,-,0.181073,1.18231,2.70696,0.00901606
XLOC_007665,NM_031659,1.47959,9.6334,2.70285,0.00091399
XLOC_012833,-,0.245296,1.58854,2.69511,0.0457034
XLOC_000370,NM_133290,12.2712,77.7576,2.66371,0.00091399
XLOC_012620,-,0.434069,2.70289,2.63851,0.00091399
XLOC_005824,NM_017232,0.129521,0.803532,2.63317,0.00091399
XLOC_012552,NM_001191899,0.084288,0.520447,2.62635,0.0431881
XLOC_017426,NM_012940,0.103753,0.63487,2.6133,0.00091399
XLOC_010236,NM_021836,8.36525,51.1399,2.61197,0.00091399
XLOC_020501,-,0.100489,0.608537,2.59831,0.00091399
XLOC_007852,-,0.461744,2.79015,2.59518,0.0188068
XLOC_015709,-,0.0901768,0.544513,2.59414,0.00378103
XLOC_009315,NM_012551,4.82558,29.0709,2.5908,0.00091399
XLOC_001537,NM_022528,2.98338,17.8687,2.58242,0.00091399
XLOC_000513,-,0.527399,3.13275,2.57046,0.00091399
XLOC_011382,NM_012561,1.78211,10.568,2.56804,0.00091399
XLOC_008925,-,0.563455,3.3222,2.55977,0.00312938
XLOC_019283,NM_001013222,1.17746,6.846,2.53959,0.00091399
XLOC_016232,NM_012942,8.727,50.6813,2.53789,0.00091399
XLOC_004194,NM_173307,0.355624,2.0578,2.53268,0.00091399
XLOC_017579,NM_001012111,14.9112,86.1868,2.53107,0.00091399
XLOC_016229,NM_017139,0.26248,1.51479,2.52884,0.00378103
XLOC_014783,NM_001044294,28.5692,163.86,2.51993,0.00091399
XLOC_017500,NM_001013146,0.828978,4.75369,2.51964,0.00091399
XLOC_016602,NM_001135758,0.174218,0.99825,2.51851,0.0130701
XLOC_013547,NM_013157,258.192,1477.66,2.5168,0.00091399
XLOC_013941,-,4.22063,24.1499,2.51649,0.00091399
XLOC_005871,-,0.0796433,0.45536,2.51538,0.0405388
XLOC_002183,NM_053420,23.3468,133.128,2.51151,0.00091399
XLOC_008193,NM_001107290,3.64701,20.7454,2.508,0.00091399
XLOC_019331,-,0.828993,4.70165,2.50374,0.00091399
XLOC_008290,NM_001276765,0.323004,1.82866,2.50116,0.00170197
XLOC_003413,NM_030834,2.59497,14.6709,2.49916,0.00091399
XLOC_009555,NM_001101000,1.28649,7.2641,2.49734,0.00091399
XLOC_002708,NM_053769,15.5459,87.4781,2.49238,0.00091399
XLOC_000832,NM_022849,1.01043,5.68498,2.49219,0.00091399
XLOC_006032,NM_001105734,1.39692,7.82551,2.48593,0.00091399
XLOC_007428,NM_031123,0.109223,0.606267,2.47268,0.00444182
XLOC_015265,NM_001037541,0.469861,2.59266,2.46412,0.00091399
XLOC_014325,-,0.284834,1.55068,2.44471,0.00091399
XLOC_002211,NM_001108510,0.318214,1.72609,2.43944,0.030886
XLOC_003750,NM_021848,0.101765,0.549776,2.4336,0.00091399
XLOC_009138,NM_031642,4.58023,24.7327,2.43293,0.00091399
XLOC_003016,NM_012497,1.00066,5.38879,2.42901,0.00091399
XLOC_016206,NM_001107899,0.332735,1.77825,2.41801,0.00091399
XLOC_021114,NM_001106893,9.34038,49.5597,2.40761,0.00091399
XLOC_005384,NM_001034199,0.778227,4.11932,2.40415,0.00091399
XLOC_020444,-,0.463114,2.43763,2.39604,0.00091399
XLOC_000739,NM_001009688,4.46213,23.4107,2.39136,0.00091399
XLOC_021198,-,3.48036,18.1869,2.38559,0.00091399
XLOC_001179,NM_031841,14.0259,72.9799,2.3794,0.00091399
XLOC_016101,NM_031607,0.148215,0.770444,2.378,0.00243731
XLOC_005611,NM_001107144,3.57271,18.5382,2.37541,0.00091399
XLOC_002707,NM_022230,0.308315,1.59941,2.37506,0.00091399
XLOC_010392,NM_001201369,0.331622,1.70881,2.36538,0.0264978
XLOC_018426,-,11.4797,59.0875,2.36377,0.00091399
XLOC_000833,NM_022849,2.53958,13.022,2.35829,0.00091399
XLOC_019588,NM_001108153,0.290103,1.48527,2.35608,0.00091399
XLOC_004440,NM_001107095,1.95522,10.008,2.35575,0.00091399
XLOC_012560,NM_080906,5.79183,29.5281,2.35,0.00091399
XLOC_014118,NM_053372,1.59454,8.10774,2.34616,0.00091399
XLOC_013652,NM_001107732,0.74382,3.78193,2.3461,0.00091399
XLOC_021920,-,0.13123,0.662659,2.33617,0.00091399
XLOC_005138,NM_001012022,0.693962,3.48327,2.32751,0.00091399
XLOC_014233,NM_022392,34.3406,171.203,2.31772,0.00091399
XLOC_015161,NM_012735,1.37174,6.82418,2.31465,0.00091399
XLOC_019038,NM_001011991,13.5244,67.0988,2.31072,0.00091399
XLOC_014217,NM_012660,0.149552,0.741332,2.30947,0.0184152
XLOC_009252,-,2.13603,10.5411,2.30302,0.00091399
XLOC_018313,-,0.179752,0.887058,2.30302,0.00504462
XLOC_006346,NM_001105974,4.04195,19.9171,2.30088,0.00091399
XLOC_000870,NM_031669,13.8301,67.8165,2.29382,0.00091399
XLOC_018488,NM_022602,0.761043,3.70892,2.28495,0.00504462
XLOC_021983,NM_182822,0.518459,2.50048,2.26991,0.0110672
XLOC_013548,-,0.623511,2.98049,2.25706,0.00091399
XLOC_009082,NM_001109423,0.273754,1.30578,2.25396,0.0242084
XLOC_005152,NM_001025112,0.267149,1.26792,2.24675,0.0110672
XLOC_018810,NM_001191781,5.17368,24.533,2.24546,0.038859
XLOC_000842,-,0.568508,2.68367,2.23895,0.00091399
XLOC_011409,NM_001005384,1.90655,8.98433,2.23645,0.00091399
XLOC_018504,NM_001135253,0.32897,1.54927,2.23556,0.00790478
XLOC_010546,-,0.403869,1.88579,2.22321,0.0216034
XLOC_012128,NM_017034,10.9314,50.78,2.21578,0.00091399
XLOC_002204,NR_037366,0.557084,2.58747,2.21558,0.00091399
XLOC_012274,NM_012567,2.05357,9.49907,2.20965,0.00091399
XLOC_004048,NM_145775,1.829,8.45229,2.20829,0.00091399
XLOC_006775,NM_001107239,0.641531,2.95169,2.20195,0.00091399
XLOC_005741,NM_001109328,0.824218,3.78882,2.20065,0.00091399
XLOC_020554,-,1.51571,6.94259,2.19548,0.00091399
XLOC_003668,NM_139339,1.36275,6.23175,2.19312,0.00091399
XLOC_010085,NM_139254,0.63499,2.88703,2.18478,0.00091399
XLOC_004263,NM_053565,5.05688,22.9722,2.18357,0.00091399
XLOC_018489,NM_022602,7.84369,35.5402,2.17985,0.00091399
XLOC_012238,NM_172062,6.82483,30.7234,2.17047,0.00091399
XLOC_009002,-,4.97867,22.3156,2.16422,0.00091399
XLOC_011965,NM_031327,2.9113,13.043,2.16354,0.00091399
XLOC_001455,NM_172323,0.221563,0.992329,2.1631,0.0168041
XLOC_012675,NM_021853,0.418795,1.87278,2.16086,0.00091399
XLOC_017308,-,0.177802,0.795063,2.1608,0.030886
XLOC_014940,NM_053551,40.8596,182.272,2.15735,0.00091399
XLOC_001510,NM_001013894,0.958586,4.26912,2.15496,0.00091399
XLOC_012687,-,2.05945,9.14983,2.15149,0.00091399
XLOC_003459,NM_001135710,0.493124,2.18678,2.14878,0.00091399
XLOC_000040,NM_080894,0.132141,0.58387,2.14357,0.0324974
XLOC_014160,-,0.173842,0.765013,2.13771,0.0153498
XLOC_003867,NR_133655,0.282878,1.24341,2.13605,0.026803
XLOC_006778,NM_013144,334.798,1469.75,2.13421,0.00091399
XLOC_000872,-,0.197724,0.86687,2.13233,0.0073686
XLOC_012375,NM_001166344,0.391776,1.68111,2.10131,0.00621275
XLOC_018567,NM_001037355,23.2814,99.8917,2.10119,0.00091399
XLOC_011366,NM_001113329,1.31285,5.58172,2.088,0.00091399
XLOC_019560,NM_001191109,0.442487,1.87275,2.08145,0.0294129
XLOC_008432,-,0.115438,0.488535,2.08134,0.0318366
XLOC_003307,NM_017296,0.322538,1.36035,2.07644,0.00091399
XLOC_015759,-,0.15675,0.660163,2.07435,0.026803
XLOC_010549,NM_001270039,0.359813,1.51459,2.0736,0.00565383
XLOC_016493,NM_023991,1.63316,6.85577,2.06965,0.00091399
XLOC_016126,NR_031850,0.279243,1.16551,2.06137,0.00091399
XLOC_020826,NM_001109574,0.169868,0.703138,2.04939,0.0449174
XLOC_020531,NM_080902,44.5826,184.504,2.0491,0.00091399
XLOC_008039,NM_001108400,3.75699,15.4984,2.04447,0.00091399
XLOC_007811,NM_001305172,8.909,36.6609,2.0409,0.00091399
XLOC_001319,-,1.7402,7.12726,2.03409,0.00091399
XLOC_016073,NM_001109592,1.46987,6.01581,2.03307,0.00091399
XLOC_014972,NM_001034130,0.254675,1.04018,2.03011,0.00312938
XLOC_012107,-,0.233593,0.949477,2.02313,0.0199894
XLOC_004062,NM_001008753,6.98259,28.3402,2.02102,0.00091399
XLOC_012439,-,0.186708,0.757005,2.01952,0.00091399
XLOC_005190,NM_181476,1.24127,5.01973,2.0158,0.00091399
XLOC_001318,-,0.245973,0.991603,2.01126,0.00091399
XLOC_020721,-,0.215608,0.869138,2.01117,0.00444182
XLOC_020421,NM_001134901,3.24535,13.0712,2.00994,0.00091399
XLOC_005357,-,0.901004,3.62822,2.00966,0.00091399
XLOC_014859,-,0.126434,0.5083,2.0073,0.00680422
XLOC_001139,NM_001007694,0.967341,3.88279,2.005,0.00091399
XLOC_000341,NM_012542,5.91858,23.7498,2.00459,0.00091399
XLOC_000694,NM_012715,2.62262,10.5126,2.00304,0.00091399
XLOC_001097,NM_013155,0.463644,1.85609,2.00118,0.00091399
XLOC_010511,NM_001003401,10.1195,40.3333,1.99484,0.00091399
XLOC_011298,NM_013134,14.6172,58.2541,1.99469,0.00091399
XLOC_008972,NM_012548,0.743862,2.9627,1.99381,0.00091399
XLOC_012804,NM_053382,0.680261,2.68934,1.98309,0.00901606
XLOC_006527,-,2.10304,8.30305,1.98116,0.00091399
XLOC_003849,NM_139115,3.88405,15.3216,1.97994,0.00091399
XLOC_002489,NM_012571,110.739,435.629,1.97594,0.00091399
XLOC_010002,-,0.125041,0.491766,1.97557,0.0073686
XLOC_000871,NM_001106311,16.4377,64.4708,1.97164,0.00091399
XLOC_012438,-,0.146968,0.575787,1.97004,0.0486054
XLOC_001826,-,0.727931,2.84817,1.96816,0.00091399
XLOC_019766,NM_012640,34.6832,134.906,1.95965,0.00091399
XLOC_004264,-,0.397815,1.53516,1.94822,0.00091399
XLOC_011468,-,0.176939,0.681273,1.94498,0.042034
XLOC_010004,-,0.368763,1.41909,1.9442,0.0207998
XLOC_003122,-,62.7334,240.597,1.93932,0.00091399
XLOC_006164,NM_017259,60.2658,230.471,1.93517,0.00091399
XLOC_003949,NM_001108286,4.7128,17.9965,1.93306,0.00091399
XLOC_015450,NM_013040,5.04034,19.2086,1.93016,0.00091399
XLOC_007581,NM_138528,11.4259,43.416,1.92591,0.00091399
XLOC_018305,NM_012603,18.4633,69.8479,1.91956,0.00091399
XLOC_020532,NM_031241,134.883,509.332,1.9169,0.00091399
XLOC_017663,NM_001105720,13.1573,49.5734,1.9137,0.00091399
XLOC_009906,NM_001110810,1.05649,3.97647,1.9122,0.00091399
XLOC_009553,NM_001101000,10.14,37.8698,1.90098,0.00091399
XLOC_019145,NM_001271220,1.05782,3.94659,1.89952,0.00312938
XLOC_005809,-,0.240824,0.891747,1.88866,0.0245367
XLOC_016578,-,0.242545,0.893511,1.88123,0.00953729
XLOC_004441,NM_001107095,4.07347,15.0046,1.88108,0.00091399
XLOC_016876,NM_001013938,0.635474,2.33795,1.87934,0.00091399
XLOC_019016,NM_133521,0.474021,1.7366,1.87324,0.00091399
XLOC_015152,NM_021261,945.753,3454.66,1.86901,0.00091399
XLOC_019518,NM_001127712,8.56404,31.266,1.86823,0.00091399
XLOC_010695,NM_001100697,0.133394,0.485579,1.86401,0.0423759
XLOC_018817,-,0.162885,0.592476,1.8629,0.00091399
XLOC_015008,NM_138848,2.08358,7.57252,1.86171,0.00091399
XLOC_000463,NM_001109615,3.92836,14.2623,1.86021,0.00091399
XLOC_008536,NM_001106100,3.64795,13.1834,1.85356,0.00091399
XLOC_016980,NM_001013243,2.05496,7.41577,1.85149,0.00091399
XLOC_019507,NM_001012201,0.657612,2.36291,1.84526,0.00091399
XLOC_014403,NM_173136,26.9685,96.8557,1.84456,0.00091399
XLOC_009668,NM_017061,1.50516,5.40193,1.84356,0.00091399
XLOC_001570,NM_017076,1.47771,5.28206,1.83774,0.00091399
XLOC_010003,-,0.188214,0.671432,1.83487,0.0442399
XLOC_013103,NM_001270617,0.143321,0.510517,1.83271,0.0494146
XLOC_014753,NM_031548,0.740008,2.63041,1.82967,0.00091399
XLOC_012683,NM_001114391,12.529,44.5294,1.82949,0.00091399
XLOC_002702,-,0.743459,2.6418,1.8292,0.048353
XLOC_018718,NM_053684,0.364066,1.2907,1.82588,0.00091399
XLOC_014362,NM_001170685,1.88821,6.65693,1.81784,0.00091399
XLOC_009548,NM_001033688,5.79281,20.4025,1.81641,0.00091399
XLOC_020659,-,0.161706,0.569387,1.81604,0.0480992
XLOC_001817,-,2.59297,9.10642,1.81228,0.0130701
XLOC_005731,NM_001100788,0.432507,1.51656,1.81,0.00091399
XLOC_006543,NM_001012034,2.76982,9.64912,1.80061,0.00091399
XLOC_021034,NM_053920,1.93235,6.72797,1.79982,0.00091399
XLOC_002546,NM_017274,16.9476,58.9994,1.79962,0.00091399
XLOC_015343,NM_001005897,0.347729,1.21053,1.7996,0.00504462
XLOC_004028,NM_001109627,0.458929,1.59762,1.79958,0.00091399
XLOC_003481,NM_181086,6.7968,23.5527,1.79297,0.00091399
XLOC_014370,-,6.16558,21.3482,1.79181,0.00091399
XLOC_003639,-,0.138189,0.475918,1.78407,0.0489167
XLOC_007722,NM_020077,0.287705,0.99064,1.78377,0.0125544
XLOC_014795,NM_001003403,6.52353,22.3955,1.77948,0.00091399
XLOC_013681,NM_201989,0.486105,1.66665,1.77761,0.0105755
XLOC_016835,NM_001106698,21.1915,72.6416,1.77731,0.00091399
XLOC_017914,NR_128665,1.0333,3.5379,1.77563,0.00091399
XLOC_020858,NM_022531,4.11295,14.0406,1.77136,0.00091399
XLOC_012502,NM_053840,5.08041,17.3106,1.76864,0.00091399
XLOC_009416,-,0.133787,0.455316,1.76693,0.025348
XLOC_016463,-,14.8558,50.5245,1.76596,0.00091399
XLOC_011738,NM_001134593,0.674613,2.29291,1.76505,0.0199894
XLOC_014483,NM_133298,27.4244,92.9684,1.76128,0.00091399
XLOC_011680,NM_053599,29.7567,100.741,1.75936,0.00091399
XLOC_011578,NM_031120,0.183122,0.618988,1.75711,0.0437457
XLOC_005612,NM_057130,0.904709,3.05268,1.75455,0.00091399
XLOC_010231,-,0.552755,1.86083,1.75123,0.0135624
XLOC_021515,-,0.33589,1.12693,1.74634,0.0163112
XLOC_017292,NM_001271253,0.522123,1.75165,1.74626,0.00091399
XLOC_020821,NM_017072,424.191,1410.85,1.73378,0.00680422
XLOC_000342,NM_012542,12.8741,42.6648,1.72858,0.00091399
XLOC_014280,NM_013145,0.948272,3.1421,1.72836,0.00091399
XLOC_020094,-,0.132159,0.437463,1.72688,0.00378103
XLOC_019658,NM_001080756,9.72858,32.0953,1.72206,0.00091399
XLOC_003270,NM_012544,0.246138,0.80274,1.70546,0.00170197
XLOC_004061,-,0.337129,1.09928,1.70519,0.00170197
XLOC_011620,NM_022403,2.09083,6.81454,1.70454,0.00091399
XLOC_012349,NM_001008838,0.455406,1.48222,1.70253,0.00621275
XLOC_018153,NM_017180,1.84482,5.97512,1.69549,0.00091399
XLOC_014650,NM_001305279,32.676,105.79,1.6949,0.00091399
XLOC_006780,NM_001030025,1.42517,4.61064,1.69383,0.00091399
XLOC_002786,NM_001108275,8.21128,26.4865,1.68958,0.00091399
XLOC_004571,-,0.519661,1.67617,1.68953,0.00091399
XLOC_001774,-,11.6113,37.3765,1.6866,0.00091399
XLOC_015807,NM_001080148,35.9119,115.337,1.68332,0.00790478
XLOC_017568,NM_022542,11.9484,38.3094,1.68088,0.00091399
XLOC_016465,NM_175766,1.77179,5.61405,1.66383,0.00091399
XLOC_014056,-,0.280808,0.884752,1.65569,0.00243731
XLOC_012993,NM_013001,0.524145,1.65043,1.65481,0.00843491
XLOC_021266,-,1.03239,3.25049,1.65467,0.00091399
XLOC_004643,NM_001100988,4.52804,14.2512,1.65412,0.00091399
XLOC_010775,NM_001191960,2.57028,8.08878,1.654,0.00091399
XLOC_012799,-,0.168707,0.530652,1.65325,0.0145433
XLOC_006176,NM_001024768,0.826502,2.59187,1.6489,0.00091399
XLOC_013224,-,0.348432,1.09063,1.64622,0.0191923
XLOC_009825,NM_012580,110.448,344.778,1.6423,0.00091399
XLOC_005153,NM_001025112,0.403023,1.25788,1.64206,0.00091399
XLOC_001089,NM_001007738,6.38806,19.9215,1.64088,0.00091399
XLOC_017253,NM_001108045,0.217805,0.67865,1.63963,0.0249758
XLOC_017359,NM_017210,0.234609,0.729624,1.6369,0.0230984
XLOC_008155,NM_001168633,10.994,34.1478,1.63508,0.00091399
XLOC_002164,-,0.270276,0.839314,1.63478,0.00170197
XLOC_012497,NM_031049,2.54719,7.90849,1.6345,0.00091399
XLOC_021496,NM_001101009,0.887294,2.7546,1.63436,0.00091399
XLOC_004171,-,1.76254,5.4683,1.63344,0.00091399
XLOC_017867,NM_001271253,3.67832,11.3945,1.63122,0.00953729
XLOC_004583,NM_001044279,2.5808,7.98744,1.62991,0.00091399
XLOC_012503,NM_053840,6.19773,19.1688,1.62895,0.00091399
XLOC_014615,NM_053536,16.4555,50.8309,1.62714,0.00091399
XLOC_009337,-,1.40647,4.34458,1.62714,0.00091399
XLOC_000965,NM_012953,0.813611,2.51121,1.62597,0.0341223
XLOC_009707,-,0.302212,0.932323,1.62527,0.00170197
XLOC_015448,NM_001316334,20.6679,63.7339,1.62467,0.00091399
XLOC_020696,NM_001034934,0.803427,2.47276,1.62188,0.00091399
XLOC_011303,NM_001003401,6.40606,19.6788,1.61914,0.00091399
XLOC_008221,-,0.545398,1.67345,1.61745,0.0377099
XLOC_004332,NM_001100502,13.479,41.1379,1.60975,0.00091399
XLOC_002168,NM_001024288,3.02356,9.20568,1.60628,0.00091399
XLOC_007209,NM_001024743,108.205,328.289,1.60121,0.00091399
XLOC_001051,-,2.71094,8.19947,1.59674,0.00091399
XLOC_009448,NM_001170467,1.24131,3.75203,1.59581,0.0135624
XLOC_010163,-,1.07987,3.25979,1.59392,0.00091399
XLOC_018367,NM_031039,11.1344,33.5986,1.59339,0.00091399
XLOC_021157,NM_001014100,3.14783,9.4551,1.58674,0.00091399
XLOC_019751,NM_175869,2.91966,8.75748,1.58471,0.00091399
XLOC_008989,-,5.83869,17.4449,1.57909,0.00091399
XLOC_012206,NM_001107624,1.81745,5.41589,1.57528,0.00091399
XLOC_005068,NM_001008363,8.22558,24.4707,1.57286,0.00565383
XLOC_005922,NM_023959,0.421199,1.25297,1.57277,0.00091399
XLOC_005604,NM_181638,0.896535,2.66695,1.57276,0.00091399
XLOC_006910,NM_017105,0.157801,0.469061,1.57167,0.0416908
XLOC_020458,NM_001108780,1.96788,5.8253,1.56569,0.0373617
XLOC_003821,NM_001144991,4.86481,14.3982,1.56544,0.0416908
XLOC_003654,NM_019269,12.2621,36.28,1.56497,0.00091399
XLOC_017593,NM_138881,6.44764,19.0695,1.56442,0.00091399
XLOC_018109,NM_017159,10.3798,30.6113,1.56029,0.00091399
XLOC_008003,NM_080886,12.4279,36.6063,1.55851,0.00091399
XLOC_019055,NM_001034156,0.753752,2.21657,1.55617,0.0341223
XLOC_014932,NM_173141,1.12092,3.29002,1.55341,0.00091399
XLOC_011276,-,0.732508,2.14706,1.55144,0.00243731
XLOC_012869,-,8.06649,23.5798,1.54754,0.00091399
XLOC_021637,NM_001109321,0.2024,0.591618,1.54745,0.00170197
XLOC_010150,NM_152242,7.31945,21.3861,1.54687,0.00091399
XLOC_018077,NM_001108741,15.37,44.8772,1.54586,0.00091399
XLOC_010551,NM_001008725,25.8477,75.4361,1.54522,0.00091399
XLOC_004817,-,0.397453,1.15766,1.54235,0.0125544
XLOC_009643,NM_001170469,0.568424,1.65299,1.54004,0.00312938
XLOC_017329,NM_053744,20.8933,60.6894,1.5384,0.00091399
XLOC_014374,NM_001191862,0.288579,0.837877,1.53777,0.0105755
XLOC_019821,NM_031804,5.97716,17.3181,1.53475,0.00091399
XLOC_011476,NM_001108939,1.09347,3.16106,1.53149,0.00091399
XLOC_010077,NM_053591,0.258836,0.746424,1.52796,0.025348
XLOC_019089,-,5.56864,16.0484,1.52703,0.00091399
XLOC_018809,NM_001191781,26.6243,76.5369,1.52341,0.00091399
XLOC_013405,NM_021845,0.842028,2.417,1.52128,0.00565383
XLOC_011546,NM_001109558,3.41608,9.803,1.52088,0.032199
XLOC_014734,NM_001003707,0.330935,0.949571,1.52073,0.00243731
XLOC_002907,NM_001034125,5.46192,15.6641,1.51998,0.00091399
XLOC_004590,NM_021678,0.393493,1.12641,1.51732,0.0315024
XLOC_021282,NM_001106921,0.641957,1.83715,1.51692,0.00091399
XLOC_013126,NM_171988,6.28722,17.959,1.51421,0.00091399
XLOC_008709,-,0.319224,0.911071,1.51299,0.0120858
XLOC_021828,NM_031761,1.56422,4.46274,1.51248,0.00091399
XLOC_018211,NM_001130558,0.304996,0.869465,1.51134,0.0348785
XLOC_012205,NM_001134576,3.62991,10.3452,1.51096,0.00091399
XLOC_019047,-,0.725675,2.06097,1.50593,0.00091399
XLOC_008789,NM_057135,3.90423,11.068,1.50328,0.00091399
XLOC_019910,NM_001106865,0.162074,0.45903,1.50194,0.0158237
XLOC_009709,NM_012492,2.87617,8.13653,1.50026,0.00091399
XLOC_014034,NM_144755,17.6403,49.8791,1.49957,0.00091399
XLOC_008296,NM_001107304,10.1148,28.5824,1.49866,0.00091399
XLOC_002857,NM_017161,0.556299,1.56863,1.49557,0.00680422
XLOC_001335,NM_022266,2.49664,7.03302,1.49416,0.00091399
XLOC_015791,NM_012596,4.60928,12.9732,1.49293,0.00091399
XLOC_009978,NM_017000,7.66762,21.5721,1.49231,0.00091399
XLOC_012237,NM_001109364,1.08952,3.06185,1.49071,0.00091399
XLOC_006615,NM_001024255,0.262469,0.736294,1.48814,0.048353
XLOC_004607,NM_012531,79.6305,222.775,1.48419,0.00091399
XLOC_006240,NM_031118,4.25496,11.9013,1.4839,0.00091399
XLOC_010368,-,1.44465,4.01281,1.4739,0.0115846
XLOC_011220,NM_001108951,2.7693,7.68471,1.47247,0.00790478
XLOC_008724,-,0.465865,1.29185,1.47145,0.0245367
XLOC_005911,NM_019341,1.38223,3.81527,1.46479,0.00091399
XLOC_017195,NM_001134731,0.472644,1.30192,1.46181,0.0105755
XLOC_008161,-,3.88169,10.6652,1.45815,0.00091399
XLOC_004676,NM_024400,4.95019,13.5978,1.45782,0.00091399
XLOC_022007,-,3.22301,8.84371,1.45624,0.00091399
XLOC_008829,NM_001015031,4.78278,13.1187,1.45571,0.00091399
XLOC_001105,NM_001191954,0.417026,1.1411,1.45222,0.00091399
XLOC_019492,NM_001008880,0.403919,1.10337,1.44977,0.00091399
XLOC_009721,-,1.66116,4.52959,1.44719,0.00091399
XLOC_004462,NM_001100653,0.493988,1.34672,1.44691,0.00504462
XLOC_008097,NM_001025130,2.63666,7.18275,1.44582,0.00091399
XLOC_008872,NM_013156,213.636,580.92,1.44318,0.00091399
XLOC_015449,NM_017099,5.8642,15.9275,1.44152,0.00091399
XLOC_003308,-,0.808391,2.19494,1.44106,0.00091399
XLOC_016498,NM_199253,7.97402,21.6275,1.43949,0.00170197
XLOC_016133,NM_001014071,73.5621,199.516,1.43947,0.00091399
XLOC_009675,-,0.21803,0.59127,1.43929,0.00504462
XLOC_004696,NM_001025014,2.77672,7.51156,1.43573,0.00091399
XLOC_005709,NM_031115,1.84744,4.99713,1.43557,0.0324974
XLOC_008292,NM_138875,28.5543,77.1288,1.43356,0.00091399
XLOC_011100,NM_001271116,25.9085,69.9267,1.43242,0.00091399
XLOC_017741,NM_198749,1.1857,3.19846,1.43164,0.00091399
XLOC_015542,NM_181084,7.67234,20.6942,1.43149,0.00091399
XLOC_001847,NM_053487,9.1875,24.7086,1.42727,0.00091399
XLOC_002097,NM_001177305,198.57,533.438,1.42568,0.00091399
XLOC_014941,-,0.425994,1.1428,1.42367,0.0327776
XLOC_005583,-,0.367189,0.983499,1.4214,0.0230984
XLOC_013431,-,0.933487,2.49837,1.42029,0.0149421
XLOC_015495,NM_001191754,3.00425,8.01189,1.41514,0.00091399
XLOC_020703,NM_001012002,0.38648,1.02901,1.4128,0.026803
XLOC_008647,-,1.52894,4.06646,1.41124,0.0120858
XLOC_019580,NM_012540,2.01964,5.36822,1.41035,0.00091399
XLOC_018309,-,0.639524,1.6973,1.40817,0.00091399
XLOC_012649,NM_022194,8.22783,21.7917,1.4052,0.00091399
XLOC_014651,-,2.32265,6.13538,1.40138,0.00091399
XLOC_014140,NM_001034927,3.38145,8.93189,1.40132,0.00091399
XLOC_013223,NM_001047858,7.42465,19.5619,1.39765,0.00091399
XLOC_013271,NM_001107793,3.64741,9.60296,1.39661,0.00091399
XLOC_009614,NM_012945,1.01518,2.6691,1.39462,0.00091399
XLOC_021274,NM_001191810,14.6833,38.5362,1.39204,0.00091399
XLOC_006204,NM_053453,5.57848,14.6381,1.39178,0.00091399
XLOC_020723,NM_013123,28.5454,74.7802,1.3894,0.00091399
XLOC_014410,NM_001009709,20.9975,54.8917,1.38637,0.00091399
XLOC_016834,NM_001107994,1.1176,2.9189,1.38502,0.00091399
XLOC_018040,NM_001108065,0.36533,0.953158,1.38351,0.0105755
XLOC_013139,NM_031148,42.8402,111.428,1.37908,0.00091399
XLOC_012846,NM_130819,0.384182,0.993883,1.37129,0.00378103
XLOC_012654,NM_144738,35.862,92.6774,1.36976,0.00091399
XLOC_005595,NM_001009489,0.809076,2.07707,1.3602,0.00378103
XLOC_019719,-,0.879315,2.25546,1.35897,0.0297628
XLOC_017777,NM_001100872,0.394137,1.01091,1.35888,0.00170197
XLOC_015447,NM_013089,53.0526,135.817,1.35616,0.00091399
XLOC_021877,-,0.353166,0.902847,1.35414,0.0234765
XLOC_020722,-,0.399635,1.01768,1.34852,0.0153498
XLOC_020519,NM_001040019,9.3116,23.6704,1.34598,0.00091399
XLOC_017699,NM_001170586,1.60148,4.07073,1.34588,0.0242084
XLOC_006750,NM_001006961,5.85826,14.8846,1.34528,0.00091399
XLOC_018782,-,0.987005,2.50737,1.34504,0.00091399
XLOC_016026,NM_001191868,0.237945,0.60378,1.34339,0.0125544
XLOC_004540,-,3.97114,10.0624,1.34136,0.00091399
XLOC_006609,NM_001191068,3.20094,8.10986,1.34118,0.00091399
XLOC_011120,NM_001108565,17.6322,44.6408,1.34015,0.00091399
XLOC_001098,-,0.247968,0.627594,1.33968,0.0153498
XLOC_010303,NM_012668,178.166,449.623,1.33549,0.00091399
XLOC_001833,-,8.10807,20.3965,1.33089,0.00091399
XLOC_001165,NM_053290,117.985,296.706,1.33042,0.00091399
XLOC_005852,-,0.864932,2.1663,1.32457,0.00243731
XLOC_010509,NM_001003401,0.582909,1.45881,1.32345,0.0158237
XLOC_013243,-,5.69602,14.2514,1.32308,0.00091399
XLOC_017303,NM_182474,418.817,1045.04,1.31917,0.0135624
XLOC_016464,NM_175766,0.840872,2.09773,1.31887,0.00243731
XLOC_021530,NM_001007667,26.7892,66.6308,1.31454,0.00091399
XLOC_010040,NM_138889,2.41376,5.99667,1.31288,0.00091399
XLOC_000529,-,0.285581,0.709235,1.31236,0.0362239
XLOC_014644,NM_001037363,1.39613,3.46126,1.30987,0.00091399
XLOC_004888,-,0.371943,0.920311,1.30704,0.00790478
XLOC_012862,NM_053826,9.1246,22.5483,1.30518,0.00091399
XLOC_016130,NM_012554,216.134,533.361,1.30318,0.00091399
XLOC_018337,NM_001130547,0.851438,2.09546,1.29929,0.0355797
XLOC_012897,-,1.90212,4.66743,1.29502,0.00091399
XLOC_009329,NM_001202552,8.6079,21.1033,1.29373,0.0168041
XLOC_009223,NM_053518,0.20255,0.495209,1.28976,0.0341223
XLOC_004354,NM_001107113,5.87227,14.3456,1.28862,0.00091399
XLOC_006631,NM_031325,21.9912,53.6307,1.28613,0.00091399
XLOC_001471,-,5.66993,13.7983,1.28309,0.00091399
XLOC_011307,-,0.210969,0.513088,1.28217,0.0405388
XLOC_020520,NM_001040019,134.222,326.374,1.28191,0.00091399
XLOC_015958,NM_138524,0.225618,0.547947,1.28015,0.0227163
XLOC_001274,-,0.424847,1.0316,1.27987,0.00243731
XLOC_021809,-,16.9981,41.1605,1.27589,0.00091399
XLOC_019535,NM_001005889,14.7114,35.5993,1.27491,0.00091399
XLOC_020336,-,0.623813,1.50942,1.27481,0.0416908
XLOC_014526,-,0.894645,2.16113,1.2724,0.0073686
XLOC_006264,NM_053433,1.96974,4.75623,1.27181,0.00091399
XLOC_012543,NM_138530,22.0119,53.1212,1.271,0.00091399
XLOC_017188,-,11.1466,26.8659,1.26918,0.00091399
XLOC_016479,NM_023025,32.0706,77.16,1.2666,0.00091399
XLOC_002717,NM_031321,0.392892,0.944655,1.26566,0.00680422
XLOC_015697,NM_001014191,8.34655,20.0529,1.26456,0.00091399
XLOC_017240,NM_199109,2.82065,6.77254,1.26367,0.00091399
XLOC_010569,NM_017268,39.8948,95.6745,1.26193,0.00091399
XLOC_014085,-,0.623546,1.49233,1.25899,0.0188068
XLOC_006510,NM_022605,5.00881,11.9737,1.25733,0.00091399
XLOC_000937,-,1.07183,2.56194,1.25716,0.00312938
XLOC_005168,-,2.51377,5.99237,1.25327,0.0297628
XLOC_002454,NM_001012072,19.5119,46.471,1.25198,0.00091399
XLOC_010062,NM_001106191,2.11077,5.02486,1.25131,0.00091399
XLOC_019058,-,0.431635,1.02742,1.25114,0.0223778
XLOC_009639,NM_012576,4.76948,11.3505,1.25085,0.00091399
XLOC_013664,NM_001012184,8.6406,20.5345,1.24885,0.00091399
XLOC_007203,NM_198763,8.93321,21.1901,1.24614,0.00091399
XLOC_003799,NM_001105800,2.90368,6.88679,1.24595,0.00091399
XLOC_008382,NM_022619,25.4993,60.4499,1.24528,0.00091399
XLOC_017533,NM_001134754,8.50326,20.1304,1.24329,0.00091399
XLOC_019261,NM_181090,23.3817,55.3222,1.24248,0.00091399
XLOC_001748,NM_001136229,2.81001,6.64419,1.24152,0.00091399
XLOC_019428,NM_001135799,0.788013,1.86089,1.2397,0.00091399
XLOC_019328,NM_001008806,2.46295,5.80905,1.23791,0.00091399
XLOC_010983,NM_001008767,61.8867,145.956,1.23783,0.00091399
XLOC_019508,-,0.689531,1.624,1.23586,0.0125544
XLOC_020027,NM_001108997,1.05752,2.4896,1.23522,0.0301247
XLOC_005173,NM_001083898,3.69216,8.69038,1.23495,0.00091399
XLOC_003757,NM_001105790,10.4381,24.5393,1.23324,0.00091399
XLOC_011888,-,0.296952,0.696711,1.23033,0.0073686
XLOC_003560,NM_001106992,13.5562,31.7585,1.22819,0.00091399
XLOC_014676,NM_001145367,0.706107,1.65293,1.22707,0.0199894
XLOC_008124,NM_001108877,67.8971,158.931,1.22697,0.00091399
XLOC_018117,NM_001108084,4.86709,11.3859,1.22611,0.00091399
XLOC_017940,-,0.64848,1.51613,1.22526,0.0324974
XLOC_019144,NM_001271220,1.5902,3.7126,1.22322,0.00565383
XLOC_019042,-,0.39562,0.921507,1.21988,0.0211923
XLOC_012304,NM_001106395,8.71363,20.2447,1.2162,0.00091399
XLOC_005013,NM_001309381,7.54814,17.5302,1.21565,0.00091399
XLOC_013959,NM_001107775,0.234601,0.544748,1.21538,0.032199
XLOC_021514,-,1.55063,3.60015,1.2152,0.0149421
XLOC_015338,NM_032060,0.944719,2.19337,1.2152,0.00091399
XLOC_015593,NM_001106641,0.817592,1.89399,1.21198,0.0153498
XLOC_019239,-,12.2333,28.2968,1.20983,0.00091399
XLOC_014903,NM_001106578,0.205172,0.473685,1.20709,0.047587
XLOC_005166,NM_144758,3.84643,8.87313,1.20592,0.00170197
XLOC_021011,NM_001108236,11.2932,26.0442,1.2055,0.00091399
XLOC_008074,NM_001271129,0.782108,1.80085,1.20324,0.0100654
XLOC_018819,-,3.99621,9.18811,1.20113,0.00091399
XLOC_005197,NM_017233,493.24,1131.56,1.19795,0.00621275
XLOC_008752,NM_053847,1.47473,3.37888,1.19609,0.00091399
XLOC_018126,NM_024129,11.2662,25.8082,1.19582,0.00091399
XLOC_019852,NM_019264,18.5557,42.4685,1.19453,0.00091399
XLOC_007909,NM_001106062,0.736654,1.68448,1.19325,0.0315024
XLOC_008219,NM_053493,42.795,97.8294,1.19283,0.00091399
XLOC_006955,NM_053424,11.6841,26.7018,1.1924,0.00091399
XLOC_018724,NM_001108738,21.8768,49.9887,1.1922,0.00091399
XLOC_004570,-,0.539038,1.22913,1.18919,0.00091399
XLOC_002210,NM_001108510,0.999886,2.27956,1.18892,0.00091399
XLOC_015733,NM_053288,442.757,1007.7,1.18648,0.00091399
XLOC_016152,NM_001034855,1.51434,3.44521,1.18591,0.00091399
XLOC_019795,NM_001108181,42.4519,96.4775,1.18436,0.00091399
XLOC_018752,NM_017109,10.4295,23.6824,1.18314,0.00091399
XLOC_006715,NM_001024771,2.05346,4.66079,1.18252,0.00091399
XLOC_000913,NM_022389,5.42165,12.304,1.18232,0.00091399
XLOC_012191,NM_001108531,5.46505,12.368,1.1783,0.00091399
XLOC_007132,NM_153316,0.535842,1.21175,1.17721,0.0264978
XLOC_003347,NM_001168284,3.69972,8.3659,1.17711,0.00378103
XLOC_001673,NM_001271046,3.74756,8.4635,1.1753,0.00091399
XLOC_015303,-,15.3925,34.6986,1.17265,0.00091399
XLOC_018557,-,4.28773,9.63551,1.16815,0.0230984
XLOC_012816,-,21.1126,47.4044,1.16692,0.00091399
XLOC_012986,NM_031534,0.929176,2.0856,1.16644,0.00790478
XLOC_000022,NM_024137,0.453072,1.01686,1.16632,0.00091399
XLOC_009328,-,10.6337,23.8506,1.16538,0.00091399
XLOC_007850,-,0.636108,1.4263,1.16493,0.0179966
XLOC_008932,NM_001077640,12.0335,26.9601,1.16377,0.00091399
XLOC_019853,NM_021660,17.1173,38.3038,1.16203,0.00091399
XLOC_007240,NM_001107250,1.17719,2.63118,1.16036,0.00091399
XLOC_002229,NM_001108511,1.3215,2.95163,1.15933,0.00170197
XLOC_012597,NM_001177829,2.61522,5.83844,1.15865,0.00091399
XLOC_006107,NM_178091,18.3168,40.8404,1.15683,0.00091399
XLOC_005984,-,4.79508,10.6588,1.15241,0.00091399
XLOC_020524,NM_001108786,3.71403,8.24833,1.15111,0.00091399
XLOC_002060,NM_001107548,0.63512,1.40578,1.14627,0.00091399
XLOC_021033,NM_053920,5.88126,13.0096,1.14538,0.00091399
XLOC_020062,-,0.861211,1.9048,1.1452,0.0355797
XLOC_020699,NM_001271050,2.82476,6.24373,1.14428,0.00091399
XLOC_012145,NM_138543,0.491165,1.08511,1.14356,0.0216034
XLOC_009939,NM_012550,2.22996,4.92641,1.14352,0.00091399
XLOC_005157,NM_053670,208.318,460.203,1.14349,0.00091399
XLOC_004835,NM_022712,75.1941,166.094,1.1433,0.00091399
XLOC_004931,NM_181473,4.57922,10.085,1.13904,0.00091399
XLOC_001567,NM_001109422,8.7541,19.2775,1.13889,0.00091399
XLOC_008805,NM_001107365,2.27487,5.00892,1.13871,0.00091399
XLOC_015792,NM_017031,1.54551,3.40253,1.13853,0.00091399
XLOC_020551,NM_020542,0.576552,1.26803,1.13707,0.0358698
XLOC_006643,-,1.1665,2.56166,1.1349,0.00444182
XLOC_008946,NM_175582,1.74345,3.82596,1.13387,0.00091399
XLOC_000717,-,3.44991,7.56956,1.13365,0.0426423
XLOC_017388,-,1.45884,3.19857,1.1326,0.0188068
XLOC_016476,-,0.259915,0.569648,1.13203,0.0234765
XLOC_003801,NM_001145538,0.483091,1.05853,1.13169,0.0184152
XLOC_019671,NM_019905,70.4891,154.162,1.12898,0.00091399
XLOC_019495,NM_017349,5.90668,12.8903,1.12587,0.0428696
XLOC_007551,NM_012672,4.21726,9.20279,1.12577,0.00091399
XLOC_009068,-,2.04557,4.46122,1.12494,0.0238632
XLOC_015710,NM_031795,5.64839,12.2986,1.12258,0.00091399
XLOC_020577,NM_053399,2.73789,5.95808,1.12178,0.00170197
XLOC_011204,NM_053768,146.075,317.871,1.12173,0.00091399
XLOC_018786,NM_001007750,32.0092,69.5972,1.12054,0.00091399
XLOC_006912,-,2.06929,4.49498,1.11918,0.00170197
XLOC_000570,NM_001130728,7.20561,15.6458,1.11859,0.00091399
XLOC_005900,NM_001105966,22.1697,48.0633,1.11635,0.00091399
XLOC_021843,NM_001270871,8.32688,18.0455,1.11579,0.00091399
XLOC_011560,NM_001024869,3.17509,6.87501,1.11456,0.00091399
XLOC_003346,NM_001168285,1.82784,3.95734,1.1144,0.0153498
XLOC_018124,NM_017258,92.6966,200.691,1.11439,0.00091399
XLOC_020754,NM_053986,11.312,24.463,1.11275,0.00091399
XLOC_015754,-,0.563673,1.21894,1.1127,0.0408341
XLOC_013298,NM_017208,223.286,482.851,1.11269,0.00170197
XLOC_011601,NM_001013158,0.565525,1.22283,1.11257,0.0362239
XLOC_011302,NM_001003401,20.2217,43.7148,1.11222,0.0135624
XLOC_021590,-,1.26593,2.73043,1.10893,0.00091399
XLOC_007292,NM_031088,0.538958,1.16139,1.1076,0.0402596
XLOC_001338,NM_001025623,69.9097,150.612,1.10728,0.00091399
XLOC_012158,NM_013190,23.4202,50.4553,1.10725,0.00091399
XLOC_007014,-,6.72769,14.4898,1.10685,0.00091399
XLOC_008842,-,2.33106,5.01479,1.10521,0.00091399
XLOC_009694,NM_176075,1.41124,3.02992,1.10231,0.00091399
XLOC_012185,-,3.98458,8.55133,1.10172,0.0140649
XLOC_008395,NM_022199,0.38931,0.835416,1.10158,0.0149421
XLOC_011962,NM_001011929,25.0136,53.6694,1.10139,0.00091399
XLOC_005875,NM_138538,0.311656,0.667154,1.09807,0.0140649
XLOC_003662,NM_017062,4.44026,9.50399,1.09789,0.00312938
XLOC_018178,NM_032069,0.413974,0.885245,1.09654,0.0362239
XLOC_005831,NM_022242,1.37102,2.92709,1.09422,0.00091399
XLOC_004333,NM_001100502,18.764,40.0513,1.09388,0.00091399
XLOC_017675,-,0.210922,0.44946,1.09148,0.0370118
XLOC_001664,NM_053469,430.857,915.652,1.08759,0.00091399
XLOC_019933,NM_053357,57.7398,122.619,1.08654,0.00091399
XLOC_011635,NM_001108552,3.18524,6.75983,1.08559,0.00565383
XLOC_006501,NM_198049,0.990564,2.10053,1.08443,0.00680422
XLOC_009822,-,20.8168,44.1056,1.08321,0.00378103
XLOC_006294,NM_001177830,1.85149,3.91847,1.0816,0.0130701
XLOC_016213,NM_001025423,27.253,57.6364,1.08057,0.00091399
XLOC_006347,NM_019343,2.43803,5.15289,1.07966,0.0315024
XLOC_006140,NM_001305128,65.4061,138.164,1.07888,0.00091399
XLOC_010422,-,7.78537,16.436,1.07802,0.00091399
XLOC_016307,NM_001108971,13.0416,27.5126,1.07697,0.00091399
XLOC_015132,NM_175764,9.05342,19.0939,1.07657,0.00091399
XLOC_001201,NM_001008349,2.97284,6.26028,1.07438,0.00091399
XLOC_005622,-,0.549452,1.15562,1.0726,0.00680422
XLOC_015465,NM_031046,1.10132,2.31559,1.07215,0.0355797
XLOC_011897,NM_013068,2.62678,5.52234,1.07198,0.0223778
XLOC_005009,-,2.8076,5.89164,1.06933,0.0227163
XLOC_009995,NM_001109132,1.36208,2.85551,1.06794,0.0414192
XLOC_019536,NM_001005889,10.7884,22.6097,1.06746,0.00091399
XLOC_015255,NM_001100750,110.123,230.648,1.06658,0.00091399
XLOC_018091,NM_012619,202.81,424.382,1.06524,0.00091399
XLOC_014281,NM_013145,2.25573,4.71948,1.06503,0.00091399
XLOC_014039,NM_001033671,20.0898,41.9657,1.06274,0.00091399
XLOC_015429,NM_013170,5.57298,11.6265,1.0609,0.00091399
XLOC_006626,NM_001005882,7.60072,15.8534,1.06058,0.00091399
XLOC_005395,NM_001017485,3.47856,7.23756,1.05701,0.00091399
XLOC_011077,NM_053312,16.3841,34.0551,1.05558,0.00091399
XLOC_006797,NM_001047094,1.64313,3.41309,1.05463,0.0196373
XLOC_021470,-,0.626296,1.30079,1.05447,0.00621275
XLOC_010053,NM_022867,66.5886,138.247,1.0539,0.00091399
XLOC_010834,NM_001135716,0.781146,1.62154,1.0537,0.00565383
XLOC_011257,NM_001170558,0.646259,1.34112,1.05325,0.00091399
XLOC_005169,-,5.81077,12.0251,1.04925,0.00091399
XLOC_015118,NM_001100862,1.37848,2.85254,1.04917,0.00444182
XLOC_016911,NM_001108007,11.3234,23.4311,1.04912,0.00091399
XLOC_007210,NM_001316877,153.619,317.635,1.04801,0.00091399
XLOC_017060,NM_177928,16.9837,35.0893,1.04688,0.00091399
XLOC_010000,NM_001008553,4.87126,10.063,1.0467,0.00091399
XLOC_014921,NM_001044265,9.11641,18.8284,1.04638,0.00091399
XLOC_020154,NM_001013181,4.51354,9.32194,1.04637,0.00091399
XLOC_014604,NM_033442,2.2936,4.73424,1.04552,0.00312938
XLOC_019600,NM_053297,26.1061,53.803,1.0433,0.00091399
XLOC_021671,NM_001191585,1.09861,2.26369,1.043,0.026803
XLOC_013046,NM_001107760,1.166,2.4019,1.04261,0.00091399
XLOC_000747,NM_012947,14.2504,29.3471,1.04222,0.00091399
XLOC_001229,NM_001107611,0.299124,0.615894,1.04194,0.0245367
XLOC_017902,NM_024163,0.943007,1.94054,1.04112,0.00843491
XLOC_015365,NM_053018,51.6596,106.053,1.03768,0.00091399
XLOC_019015,-,0.466203,0.95656,1.0369,0.0242084
XLOC_012034,-,45.9715,94.1882,1.03481,0.00091399
XLOC_021024,NM_001013177,4.15089,8.49094,1.0325,0.00091399
XLOC_010545,NM_031821,13.7819,28.175,1.03164,0.00091399
XLOC_001756,NM_133546,27.991,57.2128,1.03138,0.00091399
XLOC_000636,-,0.85992,1.75588,1.02992,0.00091399
XLOC_015387,NM_173292,1.61294,3.29336,1.02986,0.0105755
XLOC_010742,NM_001025039,2.70149,5.5114,1.02866,0.00091399
XLOC_004200,NM_001107063,15.7526,32.1364,1.02862,0.00091399
XLOC_000014,NM_001007690,3.67436,7.4919,1.02784,0.00091399
XLOC_002278,NM_001127542,0.498185,1.01394,1.02521,0.0168041
XLOC_019090,-,3.58225,7.28875,1.0248,0.00378103
XLOC_008326,NM_001012048,10.6401,21.5492,1.01812,0.00091399
XLOC_000420,NM_001107505,3.68609,7.46427,1.01791,0.00444182
XLOC_008800,-,4.82411,9.76401,1.01721,0.00091399
XLOC_003846,NM_001107025,2.81073,5.68812,1.01701,0.0416908
XLOC_016240,NM_001108969,7.39788,14.9573,1.01566,0.00091399
XLOC_010660,NM_053365,74.8674,151.346,1.01544,0.00091399
XLOC_016054,-,1.51316,3.05636,1.01425,0.00790478
XLOC_016015,NM_001083122,0.975891,1.96609,1.01054,0.0110672
XLOC_005524,-,5.03695,10.1435,1.00993,0.0278878
XLOC_017622,NR_131776,7.97964,16.0691,1.00989,0.00091399
XLOC_014805,NM_017336,1.65075,3.31933,1.00777,0.00312938
XLOC_017031,NM_001191107,3.14477,6.31804,1.00652,0.00378103
XLOC_005418,NM_145673,9.20205,18.4744,1.0055,0.00091399
XLOC_008501,NM_001109011,80.3628,161.253,1.00473,0.00091399
XLOC_007537,NM_013085,5.58173,11.1971,1.00434,0.00091399
XLOC_012479,NM_021693,7.1011,14.2338,1.00321,0.00091399
XLOC_018629,NM_017218,16.8229,33.6754,1.00127,0.00091399
