gene_id	ncbi_id	wt	mut	log2_fold_change	q_value
XLOC_019381	-	4.32077	0.0489641	-6.46342	0.0149421
XLOC_019603	-	7.42277	0.192261	-5.27082	0.00790478
XLOC_008775	NM_001164396	6.96621	0.206789	-5.07414	0.00091399
XLOC_005276	-	1.47854	0.0486995	-4.92412	0.0207998
XLOC_020313	-	3.9614	0.16073	-4.6233	0.00091399
XLOC_002250	NM_001134508	80.2651	3.31974	-4.59563	0.00091399
XLOC_015022	NM_001012621	45.746	1.8948	-4.59353	0.00091399
XLOC_015560	-	1.61393	0.0937281	-4.10595	0.00091399
XLOC_004865	-	2.3078	0.141897	-4.0236	0.00091399
XLOC_016380	NM_201271	2.76523	0.172088	-4.00618	0.00091399
XLOC_013152	-	0.630663	0.040145	-3.97358	0.00091399
XLOC_008629	-	2.70632	0.173376	-3.96436	0.00091399
XLOC_009840	NM_017004	79.1419	5.3954	-3.87464	0.00091399
XLOC_010240	-	1.70289	0.126802	-3.74733	0.0341223
XLOC_009788	NM_144743	3.29652	0.250048	-3.72067	0.00091399
XLOC_021423	NM_001271265	4.02752	0.316536	-3.66945	0.0271722
XLOC_008979	-	1.3126	0.103854	-3.65979	0.00091399
XLOC_008963	-	1.24266	0.101971	-3.60719	0.00091399
XLOC_018442	NM_001130555	1.50198	0.123378	-3.60571	0.0110672
XLOC_001445	-	11.2279	0.937627	-3.58193	0.00091399
XLOC_002675	NM_053329	60.7342	5.1355	-3.56393	0.00091399
XLOC_012098	-	3.46826	0.301795	-3.52257	0.00091399
XLOC_019029	-	5.16527	0.47569	-3.44075	0.00680422
XLOC_011954	-	1.36372	0.126494	-3.4304	0.00170197
XLOC_009691	NM_031525	4.47173	0.42182	-3.40614	0.0442399
XLOC_005277	-	2.16291	0.207645	-3.38079	0.00091399
XLOC_021766	-	3.98289	0.382752	-3.37933	0.0271722
XLOC_002539	-	32.1808	3.17896	-3.33957	0.00091399
XLOC_009730	NM_001271365	1.2288	0.121933	-3.33309	0.0140649
XLOC_019758	NM_001127640	3.7358	0.391457	-3.25449	0.00091399
XLOC_009839	NM_001013889	1.62935	0.171318	-3.24955	0.00312938
XLOC_009690	-	1.64504	0.174365	-3.23794	0.00091399
XLOC_008929	-	1.51246	0.161453	-3.22771	0.00091399
XLOC_011464	-	1.34663	0.147527	-3.1903	0.0145433
XLOC_002468	NM_031572	19.7782	2.18332	-3.17932	0.00091399
XLOC_009834	-	20.9794	2.31691	-3.1787	0.00091399
XLOC_001348	-	0.830338	0.0939309	-3.14403	0.00680422
XLOC_011496	-	0.834319	0.0949307	-3.13565	0.0341223
XLOC_021944	NM_001077435	47.8182	5.54614	-3.10801	0.00091399
XLOC_013825	-	0.635323	0.0737223	-3.10732	0.00312938
XLOC_002684	-	2.5131	0.291839	-3.10622	0.0223778
XLOC_021130	-	1.54298	0.183181	-3.07438	0.0305286
XLOC_017453	NM_053754	8.41776	1.00187	-3.07074	0.00091399
XLOC_001758	NM_031236	20.6136	2.46458	-3.06419	0.00091399
XLOC_010127	-	6.85747	0.820504	-3.0631	0.00091399
XLOC_001914	-	1.30083	0.157188	-3.04887	0.0470096
XLOC_018236	-	0.754411	0.0937001	-3.00923	0.0223778
XLOC_021721	NM_017275	1.47614	0.183926	-3.00463	0.0358698
XLOC_000579	NM_001170432	9.87557	1.26349	-2.96645	0.00091399
XLOC_002013	-	0.592409	0.0758086	-2.96616	0.00170197
XLOC_011645	-	7.73896	0.999357	-2.95307	0.00091399
XLOC_001225	-	11.2232	1.45086	-2.95151	0.00091399
XLOC_006951	-	2.76166	0.366614	-2.91321	0.00091399
XLOC_018930	NM_031815	187.479	25.002	-2.90662	0.00091399
XLOC_009835	NM_001013889	12.1607	1.65449	-2.87777	0.00091399
XLOC_015187	NM_022635	5.69792	0.77875	-2.8712	0.00091399
XLOC_013204	-	0.96926	0.13332	-2.86199	0.0408341
XLOC_006579	NM_001191676	12.9341	1.80517	-2.84097	0.00091399
XLOC_009500	NM_001106130	3.41783	0.477786	-2.83864	0.0449174
XLOC_012539	NM_001368817	0.458623	0.0663274	-2.78963	0.0457034
XLOC_006537	-	0.825825	0.119752	-2.78579	0.00243731
XLOC_004665	-	3.87771	0.566621	-2.77475	0.00091399
XLOC_005877	NM_144737	3.02538	0.443985	-2.76853	0.00091399
XLOC_011860	-	43.6627	6.43948	-2.76139	0.00091399
XLOC_001915	-	0.961363	0.142029	-2.75889	0.0175824
XLOC_009838	NM_001013889	18.7465	2.77636	-2.75535	0.00091399
XLOC_018996	NM_057104	18.8665	2.82127	-2.74141	0.00091399
XLOC_004492	-	0.68991	0.103919	-2.73095	0.00243731
XLOC_014386	NM_001109346	0.622265	0.0937819	-2.73015	0.026803
XLOC_009546	NM_001170470	2.4323	0.377807	-2.6866	0.00091399
XLOC_016921	NM_130414	2.87232	0.446369	-2.68591	0.00091399
XLOC_003025	-	15.2884	2.38789	-2.67863	0.00091399
XLOC_002685	-	1.73858	0.271635	-2.67817	0.0110672
XLOC_018840	-	0.588711	0.0940197	-2.64652	0.00170197
XLOC_005998	-	1.93459	0.309119	-2.6458	0.00243731
XLOC_011884	-	2.08943	0.33433	-2.64376	0.00091399
XLOC_011491	NM_012533	1.07851	0.17423	-2.62998	0.00621275
XLOC_016367	NM_001014063	0.449682	0.0726796	-2.62928	0.025348
XLOC_008993	-	1.11954	0.181412	-2.62556	0.00504462
XLOC_011251	-	11.9274	1.95501	-2.60903	0.00091399
XLOC_014275	NM_001025044	4.55267	0.750423	-2.60094	0.00091399
XLOC_009244	-	1.4468	0.24036	-2.58959	0.0110672
XLOC_006952	NM_172320	161.203	26.7859	-2.58934	0.00091399
XLOC_008892	-	1.07266	0.178833	-2.58452	0.00680422
XLOC_010472	-	0.516218	0.0861409	-2.58321	0.00790478
XLOC_010623	-	1.18499	0.197853	-2.58237	0.0184152
XLOC_009836	NM_001013889	5.45251	0.9265	-2.55706	0.00091399
XLOC_010242	-	3.79946	0.653064	-2.5405	0.0355797
XLOC_017843	NM_001024350	0.814227	0.139969	-2.54032	0.00170197
XLOC_002265	NM_138835	0.936	0.161051	-2.53899	0.00243731
XLOC_018997	NM_057104	23.0095	3.97958	-2.53154	0.00091399
XLOC_007747	NM_001012042	1.85786	0.323316	-2.52263	0.00091399
XLOC_009671	-	1.74256	0.303704	-2.52047	0.0135624
XLOC_000067	-	1.92168	0.337415	-2.50978	0.0480992
XLOC_019898	-	4.56954	0.810616	-2.49496	0.00091399
XLOC_019984	-	49.1291	8.79447	-2.48191	0.00091399
XLOC_007793	NM_001012157	43.5736	7.87427	-2.46824	0.00091399
XLOC_004174	NM_001105849	3.27146	0.592026	-2.4662	0.00091399
XLOC_010348	NM_138504	27.453	4.974	-2.46448	0.00091399
XLOC_006949	-	0.908747	0.166954	-2.44443	0.0358698
XLOC_006062	NM_001100841	12.954	2.38713	-2.44005	0.00091399
XLOC_009750	-	1.31071	0.242594	-2.43373	0.00091399
XLOC_008034	-	0.628512	0.116923	-2.42638	0.00091399
XLOC_004897	-	0.581199	0.108276	-2.42432	0.046046
XLOC_020323	-	221.275	41.4667	-2.41581	0.00091399
XLOC_008990	NR_110686	0.743234	0.140565	-2.40258	0.00091399
XLOC_008032	-	1.90809	0.361897	-2.39848	0.00444182
XLOC_010613	NM_001034111	15.2795	2.93034	-2.38246	0.00091399
XLOC_007513	-	7.84516	1.52304	-2.36485	0.00170197
XLOC_006578	NM_173295	205.147	39.9144	-2.36168	0.00091399
XLOC_009584	NM_178096	67.7471	13.3498	-2.34334	0.00091399
XLOC_007737	NM_012770	35.5469	7.11065	-2.32167	0.00091399
XLOC_015583	NM_001135754	6.90762	1.38959	-2.31353	0.00091399
XLOC_009508	-	11.1878	2.25161	-2.3129	0.00091399
XLOC_005437	-	1.42439	0.290638	-2.29305	0.0153498
XLOC_019716	NM_017013	195.254	40.0269	-2.28631	0.00091399
XLOC_006568	-	1.22504	0.251476	-2.28434	0.00312938
XLOC_016128	NM_031741	1.43788	0.295865	-2.28094	0.0275109
XLOC_020394	-	0.895799	0.185173	-2.2743	0.0184152
XLOC_013151	-	1.06018	0.219822	-2.26991	0.00444182
XLOC_009945	NM_001044258	7.14403	1.49113	-2.26034	0.00091399
XLOC_000339	NM_001198676	86.1152	18.1093	-2.24954	0.00091399
XLOC_000932	NM_001006998	1.38075	0.293026	-2.23635	0.0473286
XLOC_011072	-	0.636571	0.135171	-2.23554	0.00790478
XLOC_019030	NM_022258	1.40084	0.297762	-2.23406	0.0163112
XLOC_007673	NM_021598	16.2521	3.47145	-2.22701	0.00091399
XLOC_011112	-	2.41443	0.517324	-2.22255	0.00170197
XLOC_011279	-	1.11926	0.243314	-2.20165	0.00091399
XLOC_018998	NM_057104	8.1987	1.78813	-2.19695	0.00091399
XLOC_009133	-	0.985046	0.215043	-2.19556	0.0264978
XLOC_012471	NM_001107619	1.89869	0.414845	-2.19436	0.00091399
XLOC_011886	-	3.01906	0.660857	-2.19169	0.0191923
XLOC_006262	NM_012792	72.247	15.9848	-2.17624	0.00091399
XLOC_014954	-	2.30161	0.518669	-2.14976	0.0311656
XLOC_010621	-	9.24826	2.09301	-2.1436	0.00091399
XLOC_012943	NM_031322	0.934014	0.211843	-2.14045	0.0153498
XLOC_000700	-	1.1565	0.262953	-2.13689	0.00091399
XLOC_016019	NM_001034081	68.4578	15.5835	-2.13519	0.00091399
XLOC_013984	NM_001107780	28.6705	6.5367	-2.13293	0.00091399
XLOC_004877	-	2.65644	0.611324	-2.11949	0.00091399
XLOC_003330	-	2.33441	0.538872	-2.11504	0.00091399
XLOC_020638	NM_053537	28.4676	6.58444	-2.11219	0.00091399
XLOC_011001	NM_001004096	10.595	2.45723	-2.10828	0.00091399
XLOC_009947	NM_001106176	1.81813	0.421781	-2.10789	0.00091399
XLOC_011003	NM_032082	3.65916	0.853631	-2.09983	0.00091399
XLOC_008895	-	0.910311	0.213167	-2.09438	0.0220224
XLOC_002014	-	1.99412	0.46703	-2.09416	0.00091399
XLOC_018642	-	10.1322	2.39472	-2.08101	0.00091399
XLOC_004663	-	2.99846	0.70874	-2.08089	0.00091399
XLOC_010999	-	0.832542	0.197469	-2.0759	0.0311656
XLOC_021923	-	5.76257	1.37043	-2.07209	0.00091399
XLOC_000447	NM_019122	0.665203	0.158275	-2.07136	0.00378103
XLOC_009957	NM_017081	0.493573	0.11744	-2.07134	0.0428696
XLOC_014826	-	2.57063	0.614293	-2.06512	0.00091399
XLOC_018098	-	3.53762	0.848812	-2.05926	0.00091399
XLOC_016068	-	1.14538	0.276911	-2.04833	0.00170197
XLOC_007444	-	0.634374	0.153739	-2.04485	0.00504462
XLOC_002369	NM_175577	0.804144	0.197535	-2.02534	0.0238632
XLOC_012402	NM_212536	0.999665	0.246357	-2.02069	0.00565383
XLOC_011773	-	0.53393	0.131771	-2.01862	0.00243731
XLOC_014270	-	0.534983	0.132128	-2.01756	0.0223778
XLOC_003032	-	1.50231	0.373137	-2.0094	0.00378103
XLOC_014639	-	1.27887	0.31805	-2.00754	0.0341223
XLOC_016896	-	2.75304	0.686388	-2.00393	0.00091399
XLOC_017677	NM_012742	2.87451	0.718302	-2.00065	0.00091399
XLOC_005334	-	0.866912	0.216784	-1.99963	0.0227163
XLOC_015097	NR_128667	3.26567	0.817114	-1.99877	0.00091399
XLOC_005619	NM_052799	1.3666	0.341946	-1.99875	0.00170197
XLOC_003486	-	5.72043	1.435	-1.99508	0.00091399
XLOC_004548	NM_001191657	0.548546	0.137907	-1.99192	0.0434865
XLOC_005448	NM_031700	23.3429	5.88049	-1.98898	0.00091399
XLOC_008642	-	2.67493	0.675029	-1.98648	0.00091399
XLOC_020801	-	2.73462	0.690489	-1.98565	0.00378103
XLOC_010135	NM_001106165	1.44455	0.367821	-1.97354	0.00091399
XLOC_000254	-	0.841165	0.214524	-1.97125	0.00243731
XLOC_018462	-	5.28269	1.34851	-1.96991	0.0203689
XLOC_012942	NM_031322	0.633363	0.162567	-1.962	0.0230984
XLOC_006472	NM_001107246	1.91623	0.492303	-1.96066	0.00091399
XLOC_003231	-	0.494944	0.128145	-1.94949	0.0301247
XLOC_018990	-	0.687296	0.178294	-1.94667	0.0135624
XLOC_002368	-	0.522482	0.135546	-1.9466	0.0216034
XLOC_017069	NM_017149	0.994426	0.26027	-1.93385	0.00621275
XLOC_019493	NM_001108998	1.37356	0.359595	-1.93348	0.00091399
XLOC_001698	NM_001109142	0.598612	0.157427	-1.92694	0.00790478
XLOC_012968	-	1.34864	0.35614	-1.92099	0.0203689
XLOC_000074	-	2.44062	0.644618	-1.92073	0.0199894
XLOC_017530	-	1.35347	0.357623	-1.92015	0.00565383
XLOC_013262	-	0.656111	0.173377	-1.92003	0.0216034
XLOC_012337	NM_053299	1.69744	0.45051	-1.91373	0.0227163
XLOC_021825	NM_001191913	1.32389	0.351744	-1.91218	0.0223778
XLOC_014378	-	2.63183	0.699443	-1.91179	0.00091399
XLOC_011194	-	0.906578	0.241434	-1.9088	0.0203689
XLOC_003647	NM_001126081	108.976	29.1551	-1.90218	0.00091399
XLOC_001146	-	6.3208	1.69352	-1.90008	0.00091399
XLOC_014008	-	16.5829	4.45334	-1.89674	0.00091399
XLOC_006573	NM_001135869	3.35351	0.906235	-1.88772	0.00091399
XLOC_007854	NM_001107287	2.55602	0.694893	-1.87904	0.00843491
XLOC_000642	NM_198775	1.75867	0.480906	-1.87066	0.0158237
XLOC_011772	-	1.20269	0.329734	-1.86689	0.0125544
XLOC_003244	NM_001108300	0.629851	0.173194	-1.86262	0.00091399
XLOC_005614	NM_052799	0.520574	0.143321	-1.86085	0.0171619
XLOC_006761	-	0.554312	0.153081	-1.8564	0.0135624
XLOC_005442	-	0.522659	0.144879	-1.85102	0.0426423
XLOC_008548	NM_001108405	434.837	120.607	-1.85016	0.00091399
XLOC_014680	NM_181362	4.20178	1.16739	-1.84771	0.00091399
XLOC_019668	-	1.20883	0.33608	-1.84673	0.0473286
XLOC_001913	-	0.65385	0.182073	-1.84444	0.00091399
XLOC_018264	NM_145093	0.798058	0.223752	-1.83459	0.0245367
XLOC_006041	NM_001047927	1.63588	0.460967	-1.82733	0.0179966
XLOC_020219	NM_001126300	13.018	3.68392	-1.8212	0.00091399
XLOC_005806	-	5.81398	1.64894	-1.81799	0.00091399
XLOC_021746	NM_031546	237.953	67.5219	-1.81725	0.00091399
XLOC_009754	-	1.49233	0.424476	-1.81381	0.00091399
XLOC_015175	NM_181087	0.845147	0.240809	-1.81132	0.00091399
XLOC_018111	NM_001126091	3.29946	0.941602	-1.80904	0.00091399
XLOC_020050	NM_001106810	3.99357	1.13977	-1.80894	0.00091399
XLOC_019754	NM_001271152	135.485	38.744	-1.80609	0.00091399
XLOC_009797	NM_053392	1.62494	0.464719	-1.80596	0.00091399
XLOC_000856	-	1.26766	0.365956	-1.79243	0.00091399
XLOC_001521	NM_012695	183.515	53.6268	-1.77487	0.00091399
XLOC_009605	NM_001025636	2.51148	0.734325	-1.77405	0.00843491
XLOC_004455	-	1.73732	0.509905	-1.76857	0.00312938
XLOC_008847	NM_001170326	1.14997	0.338758	-1.76327	0.00091399
XLOC_008129	NM_001012228	1.85594	0.547083	-1.76232	0.00091399
XLOC_001697	-	0.640023	0.188685	-1.76214	0.0158237
XLOC_009266	NM_001101000	2.02792	0.599107	-1.75911	0.0073686
XLOC_000942	-	128.461	38.1094	-1.75311	0.00091399
XLOC_015330	NM_031649	1.34085	0.39998	-1.74515	0.0135624
XLOC_009580	-	0.614569	0.184693	-1.73444	0.0184152
XLOC_013777	NM_030859	11.9552	3.60467	-1.7297	0.00091399
XLOC_005365	NM_153312	5.2568	1.60051	-1.71565	0.00091399
XLOC_007723	-	2.34521	0.715435	-1.71282	0.0191923
XLOC_000110	NM_017070	39.2738	11.9871	-1.71208	0.00091399
XLOC_017181	-	1.0009	0.305941	-1.70997	0.0125544
XLOC_012729	-	0.787275	0.24065	-1.70993	0.00091399
XLOC_016414	NM_001109511	46.879	14.351	-1.70779	0.00091399
XLOC_006721	-	0.530842	0.162944	-1.70391	0.0171619
XLOC_017194	-	0.582102	0.178993	-1.70137	0.00790478
XLOC_015078	NM_001109231	456.41	141.016	-1.69447	0.00091399
XLOC_018554	NM_022215	283.078	87.4766	-1.69423	0.00091399
XLOC_000495	NM_001271493	1.93413	0.597895	-1.69372	0.0105755
XLOC_019664	-	11.7351	3.63915	-1.68915	0.00621275
XLOC_018409	NM_019166	27.6991	8.61604	-1.68474	0.00091399
XLOC_019258	-	2.09532	0.652996	-1.68203	0.00091399
XLOC_013697	-	0.589985	0.184734	-1.67523	0.0470096
XLOC_007773	NM_001107276	3.32016	1.04176	-1.67223	0.00091399
XLOC_017335	-	0.449835	0.141482	-1.66878	0.0223778
XLOC_007063	-	0.997437	0.314579	-1.6648	0.00621275
XLOC_020054	NM_017297	2.12677	0.671403	-1.66342	0.00091399
XLOC_000986	NR_031911	2.78339	0.882328	-1.65745	0.00091399
XLOC_016484	-	0.568169	0.180718	-1.65258	0.0428696
XLOC_015347	NM_001002804	15.8124	5.04654	-1.64769	0.0199894
XLOC_015778	NM_001191574	154.465	49.3293	-1.64676	0.00091399
XLOC_018932	NM_022614	52.0145	16.6657	-1.64203	0.00091399
XLOC_005892	NM_001105965	24.1695	7.77473	-1.63632	0.00091399
XLOC_008682	NM_001271214	10.3546	3.3415	-1.63171	0.00091399
XLOC_021109	NM_053603	1.34237	0.433531	-1.63057	0.00901606
XLOC_007041	NM_053380	50.7542	16.4254	-1.6276	0.00091399
XLOC_004379	NR_032753	1.19487	0.386804	-1.62717	0.00170197
XLOC_003978	-	29.8881	9.67706	-1.62693	0.00091399
XLOC_001424	NM_001169132	0.787114	0.255213	-1.62487	0.00091399
XLOC_014445	-	4.7091	1.52835	-1.62348	0.00091399
XLOC_012481	NM_001127683	1.16045	0.376763	-1.62296	0.0275109
XLOC_010622	-	0.765404	0.249802	-1.61544	0.0153498
XLOC_010785	NM_001001518	2.3349	0.762303	-1.61493	0.00091399
XLOC_008547	-	0.879358	0.287423	-1.61328	0.0315024
XLOC_011071	NM_013117	0.999412	0.328643	-1.60456	0.0149421
XLOC_014486	NM_001025771	1.11287	0.365986	-1.60442	0.0290602
XLOC_016042	-	0.692017	0.227803	-1.60302	0.00091399
XLOC_007365	NM_019323	32.8614	10.8248	-1.60205	0.0100654
XLOC_007028	NM_001017500	23.8467	7.88006	-1.59751	0.00091399
XLOC_015739	-	0.79454	0.262643	-1.59702	0.0227163
XLOC_009245	-	23.0175	7.61861	-1.59513	0.00091399
XLOC_008017	NM_001170346	1.66459	0.552087	-1.5922	0.00565383
XLOC_006879	NM_001037205	2.24342	0.744286	-1.59177	0.0191923
XLOC_019873	NM_001106862	214.92	71.6808	-1.58414	0.00091399
XLOC_020569	NM_001106873	118.117	39.5	-1.5803	0.00091399
XLOC_011332	-	0.62755	0.209969	-1.57955	0.0324974
XLOC_006881	NM_001037205	1.8044	0.607046	-1.57164	0.0318366
XLOC_014491	-	0.775707	0.26167	-1.56777	0.0130701
XLOC_004063	NM_199498	28.9236	9.79819	-1.56166	0.00091399
XLOC_007612	NM_001013232	12.3585	4.19482	-1.55882	0.00091399
XLOC_016037	NM_001015008	18.0516	6.13034	-1.55809	0.00091399
XLOC_000788	-	10.7143	3.65863	-1.55016	0.00091399
XLOC_014771	NM_001085404	3.81053	1.30193	-1.54934	0.00091399
XLOC_015655	NM_001011975	140.908	48.2281	-1.54681	0.00091399
XLOC_006307	NM_001100682	9.80723	3.38462	-1.53485	0.0153498
XLOC_017212	NM_001109440	1.0297	0.356336	-1.53092	0.0494146
XLOC_014542	NM_012556	2533.93	878.021	-1.52905	0.00091399
XLOC_019747	NM_001047101	10.7263	3.719	-1.52817	0.00091399
XLOC_010044	NM_133581	6.15878	2.14592	-1.52105	0.00091399
XLOC_003317	-	17.1766	6.02417	-1.51161	0.00091399
XLOC_014544	NM_031538	1.3803	0.484126	-1.51153	0.0216034
XLOC_011592	NM_001014171	2.16026	0.75986	-1.5074	0.00091399
XLOC_006372	-	2.1857	0.770762	-1.50374	0.00790478
XLOC_019117	-	4.46993	1.57928	-1.50098	0.00091399
XLOC_020183	NM_001015010	7.40659	2.62259	-1.49782	0.00091399
XLOC_005189	-	1.18985	0.421393	-1.49755	0.00565383
XLOC_020326	-	1.3009	0.462153	-1.49306	0.0238632
XLOC_012657	NM_001270628	15.1359	5.39901	-1.48721	0.00091399
XLOC_013236	NM_057209	5.33249	1.90305	-1.4865	0.00091399
XLOC_016713	NM_001107985	10.4	3.72019	-1.48314	0.00621275
XLOC_021407	-	3.00903	1.07966	-1.47873	0.00091399
XLOC_001317	NM_001107515	6.11402	2.19586	-1.47734	0.00091399
XLOC_019138	NM_133599	70.664	25.5053	-1.47018	0.00243731
XLOC_005052	NM_001037217	1.23954	0.447763	-1.469	0.0278878
XLOC_004129	NM_001107055	0.526861	0.190587	-1.46697	0.0158237
XLOC_017275	-	1.54274	0.55996	-1.4621	0.0355797
XLOC_001523	NM_012695	198.303	72.0392	-1.46085	0.00091399
XLOC_009272	-	0.602762	0.219013	-1.46057	0.0489167
XLOC_013033	-	0.8094	0.295225	-1.45504	0.00621275
XLOC_006953	-	1.09777	0.40081	-1.45358	0.0480992
XLOC_005952	NM_017096	301.703	110.766	-1.44562	0.00091399
XLOC_006457	-	0.573993	0.210944	-1.44417	0.0171619
XLOC_016939	-	0.766631	0.28199	-1.44289	0.0499474
XLOC_008850	NM_001107369	3.90232	1.43666	-1.44162	0.00091399
XLOC_010978	-	0.572251	0.210775	-1.44094	0.0411639
XLOC_015732	NM_198747	5.82333	2.14814	-1.43876	0.00091399
XLOC_010722	-	1.05644	0.389834	-1.43828	0.00378103
XLOC_009241	-	4.77966	1.7638	-1.43822	0.00091399
XLOC_012400	NM_001004069	2.32258	0.857111	-1.43818	0.0271722
XLOC_016897	NM_001037200	35.8462	13.2394	-1.43699	0.00091399
XLOC_000207	NM_001169142	1.31437	0.486273	-1.43454	0.00843491
XLOC_002947	-	0.447062	0.166294	-1.42674	0.046046
XLOC_009648	NM_022209	0.977811	0.36379	-1.42645	0.048353
XLOC_001916	NM_001009965	71.5739	26.6317	-1.42629	0.00091399
XLOC_020172	-	1.13942	0.42434	-1.42501	0.044022
XLOC_004001	NM_030872	71.6996	26.7114	-1.42451	0.00091399
XLOC_012768	-	1.17525	0.440352	-1.41624	0.00378103
XLOC_013572	-	2.14217	0.806954	-1.40851	0.00621275
XLOC_003243	-	0.73481	0.277169	-1.40661	0.0297628
XLOC_011855	NM_001010970	156.242	59.0834	-1.40296	0.00091399
XLOC_004502	NM_001014125	65.3589	24.7321	-1.402	0.00091399
XLOC_020325	-	0.904317	0.343615	-1.39604	0.00378103
XLOC_000069	NM_001032397	11.4485	4.35439	-1.39461	0.00091399
XLOC_004894	NM_133428	689.989	263.194	-1.39044	0.00091399
XLOC_008992	-	0.776678	0.2964	-1.38977	0.0105755
XLOC_002237	NM_171992	21.4605	8.19773	-1.38839	0.00091399
XLOC_011571	-	0.762667	0.291617	-1.38698	0.0216034
XLOC_009585	-	4.65459	1.77976	-1.38697	0.00091399
XLOC_002408	-	2.40646	0.920334	-1.38668	0.0100654
XLOC_009200	-	1.77023	0.677109	-1.38647	0.0470096
XLOC_016187	NM_001108000	2.09306	0.800699	-1.38628	0.0199894
XLOC_019577	NM_001108764	20.0673	7.72517	-1.37721	0.00091399
XLOC_004573	-	0.68676	0.266334	-1.36657	0.0158237
XLOC_019724	NM_001201355	2.75236	1.07076	-1.36204	0.0216034
XLOC_012486	-	13.7746	5.36047	-1.36158	0.00091399
XLOC_011492	-	1.78203	0.694093	-1.36032	0.0145433
XLOC_019914	NM_001191617	9.3511	3.64321	-1.35992	0.00091399
XLOC_004721	NM_001107103	6.44802	2.51221	-1.3599	0.00091399
XLOC_019543	NM_001024265	11.8785	4.63412	-1.35798	0.00091399
XLOC_011747	NM_001315493	0.729312	0.284878	-1.35619	0.0191923
XLOC_015882	-	12.6047	4.92604	-1.35547	0.0153498
XLOC_010579	NM_176074	38.0846	14.906	-1.35331	0.00091399
XLOC_018080	NM_001191778	73.0652	28.6346	-1.35142	0.00091399
XLOC_006458	NM_001009632	232.568	91.2604	-1.34959	0.00091399
XLOC_014028	-	1.47312	0.578921	-1.34743	0.0171619
XLOC_006760	-	6.19105	2.43356	-1.34712	0.00243731
XLOC_013963	NM_001107777	1.62934	0.641833	-1.34402	0.0100654
XLOC_004637	NM_001190341	4.44685	1.75293	-1.34302	0.0171619
XLOC_016329	NM_001024344	1.32722	0.523579	-1.34193	0.0315024
XLOC_015479	-	5.1295	2.02476	-1.34107	0.00091399
XLOC_017330	-	0.635186	0.250756	-1.34089	0.0395531
XLOC_021361	NM_053903	2.70099	1.06701	-1.33991	0.00091399
XLOC_013513	-	1.55222	0.613353	-1.33954	0.00312938
XLOC_000812	-	0.546585	0.216023	-1.33926	0.0348785
XLOC_020045	NM_001192018	2.60476	1.03242	-1.33512	0.00091399
XLOC_001923	NM_001109436	0.814602	0.323033	-1.33441	0.0382628
XLOC_020479	NM_001100724	352.014	139.644	-1.33388	0.00091399
XLOC_011230	NM_021682	1.79574	0.713609	-1.33137	0.0431881
XLOC_000837	NM_001191631	2.09201	0.832007	-1.33022	0.0327776
XLOC_008828	NM_053851	1.25655	0.501695	-1.32459	0.00243731
XLOC_007046	NM_012880	15.7468	6.29713	-1.32229	0.00091399
XLOC_009603	NM_001024240	3.29568	1.32185	-1.31802	0.00901606
XLOC_019991	NM_001014206	20.1548	8.09193	-1.31657	0.00091399
XLOC_018377	NM_001134529	15.9219	6.39345	-1.31635	0.00091399
XLOC_007696	NM_001014235	2.54845	1.02406	-1.31532	0.00504462
XLOC_022012	NM_001191726	0.577593	0.232173	-1.31485	0.0153498
XLOC_014191	NM_133564	1.01615	0.408536	-1.31458	0.0301247
XLOC_006456	NM_017080	186.409	74.9484	-1.3145	0.00091399
XLOC_000923	NM_001025683	24.9218	10.0394	-1.31173	0.00091399
XLOC_006730	NM_138533	2.74577	1.10658	-1.3111	0.00170197
XLOC_015556	NM_001171802	2.85937	1.15317	-1.31009	0.00378103
XLOC_006065	-	2.67646	1.08249	-1.30597	0.0130701
XLOC_018319	-	0.673601	0.272965	-1.30318	0.0411639
XLOC_010699	-	27.1554	11.0053	-1.30304	0.00091399
XLOC_006876	NM_001037205	3.24808	1.31792	-1.30132	0.0311656
XLOC_005919	NM_001109075	7.46508	3.03088	-1.30042	0.0184152
XLOC_008243	NM_031688	2.44218	0.992139	-1.29956	0.0426423
XLOC_005615	NM_052799	0.843309	0.342642	-1.29936	0.0386228
XLOC_004138	-	1.46163	0.594488	-1.29786	0.00091399
XLOC_002367	NM_001039031	7.50079	3.05183	-1.29737	0.00091399
XLOC_015509	NM_001109260	1.0097	0.412336	-1.29203	0.0370118
XLOC_010532	-	3.27435	1.33758	-1.29158	0.00091399
XLOC_001928	NM_054010	1.50101	0.614987	-1.2873	0.0245367
XLOC_012634	-	3.48044	1.42815	-1.28512	0.00091399
XLOC_013666	NM_012789	12.6086	5.18405	-1.28225	0.00091399
XLOC_015288	NM_012508	6.41049	2.64966	-1.27463	0.00091399
XLOC_003615	-	45.1191	18.6754	-1.27259	0.00091399
XLOC_020213	NM_012541	3.03556	1.25813	-1.27068	0.00680422
XLOC_003445	NM_001017471	0.69359	0.288487	-1.26558	0.026803
XLOC_000340	NM_173294	43.2248	18.0017	-1.26373	0.00091399
XLOC_016642	NM_001107913	0.814063	0.339342	-1.2624	0.0454751
XLOC_018975	NM_031705	137.377	57.2728	-1.26222	0.00091399
XLOC_006541	NM_001012034	3.46517	1.44499	-1.26187	0.0073686
XLOC_021910	NM_147216	21.6873	9.05129	-1.26066	0.00091399
XLOC_021609	NM_001108243	0.796916	0.333063	-1.25863	0.0499474
XLOC_019183	NM_012730	707.59	296.136	-1.25665	0.00091399
XLOC_014387	NM_016998	4.19422	1.75563	-1.25641	0.00504462
XLOC_011890	-	7.13455	2.98885	-1.25523	0.00565383
XLOC_004092	NM_001108299	1.1617	0.491367	-1.24136	0.042034
XLOC_018155	NM_001108990	0.959465	0.406338	-1.23955	0.026803
XLOC_015751	NM_001114402	1.20419	0.510058	-1.23933	0.0179966
XLOC_009483	-	0.84817	0.35943	-1.23864	0.0105755
XLOC_014122	NM_001106541	9.74796	4.13642	-1.23672	0.00091399
XLOC_001895	-	2.68615	1.14063	-1.23571	0.0492068
XLOC_017463	NM_017171	4.58927	1.95019	-1.23465	0.0196373
XLOC_007724	NM_022936	37.7224	16.037	-1.23402	0.00091399
XLOC_011932	-	8.27933	3.52026	-1.23383	0.00091399
XLOC_011369	NM_001109491	3.82231	1.6257	-1.23338	0.00091399
XLOC_011933	-	6.45752	2.74843	-1.23237	0.00680422
XLOC_008774	NM_001008342	51.7409	22.0328	-1.23165	0.00091399
XLOC_011400	NM_017094	50.2901	21.4304	-1.23062	0.00091399
XLOC_005463	-	65.9334	28.1194	-1.22944	0.00091399
XLOC_003256	NM_017212	0.704209	0.300825	-1.22708	0.0245367
XLOC_020944	NM_001007755	44.5739	19.0452	-1.22677	0.00091399
XLOC_002352	NM_145089	15.8466	6.77551	-1.22578	0.00091399
XLOC_016678	-	1.2093	0.517345	-1.22497	0.0140649
XLOC_017039	-	2.83958	1.21573	-1.22385	0.0398892
XLOC_010198	-	0.607051	0.259945	-1.22361	0.00790478
XLOC_010782	NM_020538	67.9828	29.2095	-1.21873	0.00091399
XLOC_018738	NM_019623	240.158	103.206	-1.21846	0.00091399
XLOC_012283	NM_001012075	1.43947	0.618615	-1.21842	0.00243731
XLOC_014971	-	5.08492	2.18639	-1.21768	0.00091399
XLOC_011981	NM_013115	2.72088	1.17211	-1.21496	0.00091399
XLOC_021831	NM_020976	3.25462	1.40415	-1.21279	0.0149421
XLOC_003873	NR_031890	36.2593	15.663	-1.21099	0.00091399
XLOC_006779	NM_001135915	1.11439	0.48167	-1.21014	0.0149421
XLOC_001422	-	0.781313	0.337933	-1.20916	0.047587
XLOC_002805	-	6.28338	2.71799	-1.209	0.00091399
XLOC_015895	NM_001107970	11.6077	5.02398	-1.20818	0.00091399
XLOC_007326	-	5.64375	2.44326	-1.20784	0.0271722
XLOC_020360	-	2.04663	0.886674	-1.20677	0.0301247
XLOC_000059	-	0.69453	0.301112	-1.20574	0.0145433
XLOC_005161	NM_001009679	14.4295	6.26071	-1.20462	0.00091399
XLOC_006580	-	35.2211	15.2955	-1.20333	0.00091399
XLOC_000846	-	1.97	0.856758	-1.20124	0.0275109
XLOC_016569	NM_001107967	39.2282	17.0978	-1.19808	0.00091399
XLOC_015798	-	16.4627	7.18005	-1.19713	0.00091399
XLOC_008482	-	2.32151	1.01387	-1.19519	0.0492068
XLOC_003556	-	74.9141	32.8226	-1.19055	0.00091399
XLOC_007275	-	0.976409	0.428121	-1.18947	0.0297628
XLOC_016350	-	1.5306	0.672352	-1.18681	0.00680422
XLOC_018030	NM_012793	217.637	95.8268	-1.18343	0.00091399
XLOC_008949	-	0.607232	0.268473	-1.17747	0.0391979
XLOC_019593	-	1.4595	0.646167	-1.17549	0.0286763
XLOC_002115	NM_001079889	146.737	64.974	-1.1753	0.00091399
XLOC_009627	-	0.710974	0.314894	-1.17493	0.0345011
XLOC_016508	NM_001324210	74.7026	33.0884	-1.17483	0.00091399
XLOC_007137	NM_001017501	2.26373	1.00301	-1.17437	0.0264978
XLOC_003822	NM_001109035	2.54784	1.12949	-1.17361	0.0179966
XLOC_012759	NM_133569	12.0721	5.35541	-1.17261	0.00091399
XLOC_014149	NM_031557	29.1838	12.9542	-1.17175	0.00091399
XLOC_019712	NM_134382	117.653	52.2546	-1.17091	0.00091399
XLOC_017010	NM_013026	71.613	31.8235	-1.17013	0.00091399
XLOC_016702	NM_001109269	0.804315	0.358571	-1.1655	0.0145433
XLOC_001717	NM_001012459	1.7663	0.787623	-1.16515	0.00243731
XLOC_006689	-	2.31456	1.03342	-1.16331	0.00091399
XLOC_020122	NM_001109528	1.14904	0.514054	-1.16044	0.0120858
XLOC_007615	NM_138902	71.2553	31.9076	-1.1591	0.00091399
XLOC_007327	-	30.5507	13.6899	-1.15809	0.00091399
XLOC_014385	NM_001013083	32.9488	14.7657	-1.15798	0.00091399
XLOC_019189	NM_138877	106.991	48.0348	-1.15534	0.00091399
XLOC_008013	-	2.77957	1.25086	-1.15193	0.038859
XLOC_015104	NM_001034010	0.980128	0.441206	-1.15152	0.00243731
XLOC_004467	-	3.82542	1.72759	-1.14686	0.0211923
XLOC_012030	-	3.49407	1.57797	-1.14684	0.00091399
XLOC_004878	-	1.0699	0.48335	-1.14634	0.00378103
XLOC_002394	NM_001024292	1.86395	0.842494	-1.14562	0.0223778
XLOC_013644	NM_001044276	9.18978	4.15728	-1.14439	0.00091399
XLOC_010523	-	0.551279	0.249616	-1.14307	0.0414192
XLOC_017562	-	1.48593	0.673673	-1.14125	0.0341223
XLOC_005322	NM_001105902	22.0146	10.01	-1.13702	0.00091399
XLOC_002651	NM_031634	2.81895	1.28215	-1.13659	0.00843491
XLOC_012787	-	3.2824	1.49507	-1.13454	0.00312938
XLOC_003919	NM_001012357	180.888	82.474	-1.13308	0.00091399
XLOC_019870	NM_019284	1.34515	0.613438	-1.13277	0.0261353
XLOC_016401	NM_138863	40.8664	18.6412	-1.13242	0.00091399
XLOC_015836	-	1.23734	0.565315	-1.13012	0.0327776
XLOC_020024	-	20.9046	9.55562	-1.1294	0.00091399
XLOC_019452	NM_001008325	11.2353	5.14029	-1.12812	0.00091399
XLOC_005966	NM_021593	30.0099	13.7342	-1.12767	0.00091399
XLOC_000489	NM_001127504	20.4977	9.38984	-1.12629	0.00091399
XLOC_008791	-	1077.09	493.637	-1.12562	0.00091399
XLOC_018943	-	0.693049	0.318217	-1.12295	0.0230984
XLOC_015059	NM_001009534	0.966891	0.44408	-1.12253	0.0211923
XLOC_001153	NM_001025646	3.99201	1.83857	-1.11853	0.00243731
XLOC_016905	NM_001004282	2.86645	1.32068	-1.11798	0.0140649
XLOC_021417	-	0.653951	0.301571	-1.11669	0.0414192
XLOC_006162	NM_053385	6.28175	2.89794	-1.11614	0.00091399
XLOC_018906	NM_017302	2.73384	1.26395	-1.11299	0.00091399
XLOC_012020	NR_002597	6.87492	3.18059	-1.11205	0.00243731
XLOC_002442	NM_001014167	21.0878	9.75716	-1.11187	0.00091399
XLOC_009419	-	2.87839	1.33446	-1.10901	0.0120858
XLOC_009246	NM_001077231	4.95902	2.29955	-1.1087	0.00091399
XLOC_004055	NM_001008804	14.7944	6.87233	-1.10618	0.00091399
XLOC_018363	NM_001135798	33.0661	15.3854	-1.10379	0.0110672
XLOC_005382	NM_013105	1243.37	578.583	-1.10366	0.00243731
XLOC_016391	-	0.660647	0.307849	-1.10166	0.0120858
XLOC_005789	NM_001012206	11.741	5.4715	-1.10155	0.00091399
XLOC_013826	NM_001029916	41.8579	19.5202	-1.10053	0.00091399
XLOC_001725	NM_023098	481.668	224.66	-1.1003	0.00243731
XLOC_002338	NM_134379	65.7442	30.6914	-1.09903	0.00091399
XLOC_012786	NM_001106572	1.63745	0.764649	-1.09858	0.00091399
XLOC_008603	NM_199236	6.17398	2.88414	-1.09806	0.00091399
XLOC_014060	NM_181637	27.3882	12.8048	-1.09686	0.00091399
XLOC_008545	-	0.831845	0.388983	-1.09661	0.0227163
XLOC_007402	NM_001079937	15.5014	7.24936	-1.09647	0.00091399
XLOC_013841	NM_022629	25.8955	12.1167	-1.09571	0.00091399
XLOC_001939	NM_172033	11.1166	5.20495	-1.09475	0.00444182
XLOC_008588	-	8.97116	4.20588	-1.09289	0.0301247
XLOC_002521	NM_012753	491.978	231.14	-1.08983	0.00170197
XLOC_001849	NM_031012	40.4744	19.0197	-1.08951	0.00091399
XLOC_007182	NM_001270853	9.85505	4.64088	-1.08647	0.00243731
XLOC_016020	-	4.17935	1.97982	-1.0779	0.00091399
XLOC_008944	-	1.0077	0.477687	-1.07693	0.0492068
XLOC_015406	NM_133512	1.91551	0.908338	-1.07643	0.00621275
XLOC_005362	NM_153312	111.769	53.0639	-1.07472	0.00091399
XLOC_013337	NM_130756	15.0962	7.17388	-1.07336	0.00378103
XLOC_012249	NM_001007601	277.707	132.06	-1.07237	0.00091399
XLOC_010145	NM_001106168	7.90146	3.75839	-1.072	0.00091399
XLOC_017296	NM_001244739	157.481	74.9467	-1.07124	0.00091399
XLOC_006968	NM_001025115	1.4836	0.70616	-1.07103	0.00843491
XLOC_021950	-	81.0971	38.6504	-1.06917	0.00091399
XLOC_002693	NM_001037188	24.8973	11.8794	-1.06752	0.0305286
XLOC_015874	NM_001107964	30.1056	14.3668	-1.0673	0.00091399
XLOC_006340	NM_017170	1115.99	533.199	-1.06558	0.00091399
XLOC_001962	-	6.9425	3.31849	-1.06493	0.0327776
XLOC_003707	NM_013003	40.485	19.3729	-1.06334	0.00091399
XLOC_008510	NM_001012346	9.68189	4.63446	-1.06289	0.00091399
XLOC_019512	NM_001134635	3.46266	1.65761	-1.06277	0.0073686
XLOC_003318	NM_001191591	27.2411	13.0783	-1.0586	0.00091399
XLOC_007936	NM_012599	51.6096	24.8117	-1.05662	0.00091399
XLOC_005692	NM_001271235	2.32182	1.11634	-1.05648	0.0073686
XLOC_009651	NM_152936	3.66831	1.76635	-1.05435	0.0238632
XLOC_018615	NM_001009385	92.8013	44.764	-1.05181	0.00091399
XLOC_001116	-	3.02801	1.46076	-1.05165	0.0290602
XLOC_009322	-	3.80619	1.83654	-1.05136	0.038859
XLOC_018653	-	20.9867	10.136	-1.04999	0.00091399
XLOC_003195	NM_001004274	485.175	234.548	-1.04862	0.00091399
XLOC_009021	-	3.08777	1.49378	-1.0476	0.0220224
XLOC_016105	NM_001048185	82.1929	39.7678	-1.04741	0.00091399
XLOC_011928	NM_057186	395.443	191.457	-1.04645	0.00091399
XLOC_017355	NR_032772	19.9114	9.64245	-1.04612	0.0203689
XLOC_019695	-	19.1783	9.29195	-1.04542	0.00091399
XLOC_013715	-	1.48686	0.720677	-1.04485	0.0275109
XLOC_012911	NM_001106487	87.3213	42.3617	-1.04357	0.00091399
XLOC_000664	NM_001329890	5.06846	2.45889	-1.04354	0.00091399
XLOC_002728	NM_001191918	2.78946	1.35348	-1.04331	0.0211923
XLOC_018169	-	5.33047	2.59076	-1.04089	0.0414192
XLOC_017520	NM_001106710	100.54	48.9024	-1.0398	0.0115846
XLOC_012198	-	1.32197	0.643585	-1.03849	0.00621275
XLOC_019073	NM_001128099	3.65044	1.77758	-1.03816	0.0416908
XLOC_018342	NM_001126268	0.61013	0.297461	-1.03642	0.0379875
XLOC_016971	-	7.80551	3.80566	-1.03635	0.00170197
XLOC_013468	NM_001128138	72.745	35.5765	-1.03192	0.00091399
XLOC_002118	-	3.0485	1.49212	-1.03074	0.00565383
XLOC_012223	NM_001368817	2.6794	1.31579	-1.02598	0.00444182
XLOC_006342	NM_001047103	1.22293	0.601788	-1.02302	0.0411639
XLOC_004854	NM_053995	266.406	131.204	-1.02181	0.00091399
XLOC_005533	NM_001109547	3.42228	1.68667	-1.02078	0.0115846
XLOC_003840	NM_177927	363.394	179.118	-1.02062	0.00170197
XLOC_010281	NM_001025637	161.347	79.6295	-1.01879	0.00170197
XLOC_008893	NM_053802	139.588	68.9569	-1.01741	0.00091399
XLOC_004747	NM_181625	41.0233	20.2908	-1.01562	0.00091399
XLOC_016437	-	5.52693	2.73928	-1.01268	0.00091399
XLOC_003493	NM_001127606	6.48721	3.21597	-1.01235	0.00091399
XLOC_003968	NM_001322798	100.2	49.7096	-1.01128	0.00091399
XLOC_012658	NM_001033565	3.22448	1.60074	-1.01033	0.00444182
XLOC_002822	NM_001108276	10.0576	4.99436	-1.00992	0.00091399
XLOC_015930	NM_001107980	2.67069	1.32624	-1.00987	0.0315024
XLOC_004893	-	187.298	93.0869	-1.00869	0.00091399
XLOC_006638	NM_001172120	0.965106	0.479942	-1.00783	0.0463293
XLOC_017343	NR_037363	70.8028	35.2293	-1.00703	0.00091399
XLOC_002932	NM_017189	198.183	98.7408	-1.00511	0.00091399
XLOC_019241	NM_033352	30.9098	15.4098	-1.00421	0.00091399
XLOC_010931	NM_053822	582.404	290.601	-1.00298	0.00170197
