count	mask
32.3263	-genome-
3.9066	-bridge--gatc--genome-
2.2017	-genome--bridge--genome-
2.1541	-genome--gatc--egdirb--[1]--gatc--genome-
2.1463	-genome--gatc--[1]--
2.1299	-genome--gatc--[3]--
2.1144	-genome--egdirb--genome-
2.0749	-genome--gatc--[2]--
2.0684	-genome--gatc--[4]--
2.0078	-genome--gatc--[6]--
1.9839	-genome--gatc--[5]--
1.8048	-genome--gatc--[7]--
1.7337	-genome--gatc--[8]--
1.6659	-genome--gatc--[9]--
1.588	-genome--gatc--[10]--
0.8991	-bridge--genome-
0.6254	-genome--bridge--[1]--gatc--genome-
0.6057	-egdirb--bridge--gatc--genome-
0.5513	-genome--bridge--[6]--gatc--genome-
0.5355	-egdirb--genome-
0.4984	-genome--gatc--[6]--egdirb--genome-
0.4946	-genome--bridge--gatc--egdirb--bridge--[1]--gatc--genome-
0.4529	--[6]--gatc--genome-
0.422	-bridge--gatc--egdirb--genome-
0.3783	-egdirb--bridge--genome-
0.3644	-egdirb--bridge--gatc--egdirb--genome-
0.3429	-genome--egdirb--[1]--gatc--genome-
0.3127	-genome--gatc--[7]--gatc--genome-
0.3108	-genome--gatc--[6]--gatc--genome-
0.2977	-genome--gatc--egdirb--bridge--[1]--gatc--genome-
0.2871	--[5]--gatc--genome-
0.2679	--[3]--gatc--genome-
0.2652	-genome--bridge--gatc--egdirb--[1]--gatc--genome-
0.2589	-bridge--gatc--genome--gatc--[1]--
0.2532	-genome--gatc--[4]--gatc--genome-
0.248	-bridge--gatc--genome--gatc--[2]--
0.2458	-bridge--gatc--genome--gatc--[4]--
0.2446	-genome--gatc--egdirb-
0.2444	-bridge--gatc--genome--gatc--[3]--
0.2425	-genome--gatc--egdirb--[3]--
0.235	--[7]--gatc--genome-
0.235	-genome--gatc--egdirb--[4]--
0.2189	-genome--gatc--egdirb--[1]--gatc-
0.2177	-bridge--gatc--genome--gatc--[5]--
0.2165	-bridge--gatc--genome--gatc--[6]--
0.2082	--[4]--gatc--genome-
0.2076	-genome--gatc--egdirb--[1]--gatc--[1]--
0.2069	--[1]--gatc--genome-
0.2065	-bridge--gatc--genome--gatc--[7]--
0.204	-bridge--gatc--genome--bridge--genome-
0.2005	-genome--gatc--egdirb--[1]--gatc--[2]--
0.2003	-genome--bridge--gatc--egdirb--genome-
0.1982	-bridge--gatc--genome--gatc--[8]--
0.1925	-genome--gatc--egdirb--[1]--gatc--[5]--
0.1922	-bridge--gatc--genome--gatc--[9]--
0.1904	-genome--gatc--egdirb--[1]--gatc--[4]--
0.1898	-genome--gatc--egdirb--[1]--gatc--[3]--
0.1888	-genome--gatc--[2]--gatc--genome-
0.1765	-bridge--gatc--genome--gatc--[10]--
0.1744	-genome--gatc--egdirb--[1]--gatc--[6]--
0.1742	-genome--gatc--egdirb--genome-
0.1717	-genome--gatc--[5]--gatc--genome-
0.1707	--[2]--gatc--genome-
0.1699	-genome--gatc--egdirb--[1]--gatc--[7]--
0.1631	-genome--gatc--egdirb--[1]--gatc--[8]--
0.1602	-genome--egdirb--genome--gatc--[1]--
0.1585	-genome--bridge--genome--gatc--[1]--
0.1567	-genome--gatc--[8]--gatc--genome-
0.1518	-genome--egdirb--genome--gatc--[3]--
0.1499	-genome--gatc--egdirb--[1]--gatc--[9]--
0.1489	-genome--gatc--egdirb--[1]--gatc--[10]--
0.1475	-genome--egdirb--genome--gatc--[2]--
0.1473	-genome--egdirb--genome--gatc--[6]--
0.1466	-bridge--gatc--genome--egdirb--genome-
0.1456	-genome--egdirb--genome--gatc--[4]--
0.1441	-genome--bridge--genome--gatc--[4]--
0.1436	-genome--bridge--genome--gatc--[3]--
0.1425	-genome--bridge--genome--gatc--[2]--
0.1409	-genome--gatc--[3]--gatc--genome-
0.14	-genome--egdirb--genome--gatc--[5]--
0.138	-genome--bridge--genome--gatc--[6]--
0.1358	-genome--bridge--genome--gatc--[5]--
0.1277	-genome--egdirb--genome--gatc--[7]--
0.1263	-genome--gatc--[1]--gatc--genome-
0.1242	--[10]--gatc--genome-
0.1241	-genome--bridge--genome--gatc--[8]--
0.1236	-genome--bridge--genome--gatc--[7]--
0.1201	-genome--egdirb--genome--gatc--[9]--
0.1197	-genome--egdirb--genome--gatc--[8]--
0.1179	-genome--bridge--genome--gatc--[9]--
0.1167	--[8]--gatc--genome-
0.1147	--[9]--gatc--genome-
0.1112	-genome--bridge--genome--gatc--[10]--
0.1101	-genome--gatc--egdirb--[1]--
0.1085	-genome--gatc--[9]--gatc--genome-
0.1081	-genome--egdirb--genome--gatc--[10]--
