count		mask
37.6075		-genome-
3.3242		-bridge--gatc--genome-
3.1741		-genome--egdirb--genome-
3.0687		-genome--bridge--genome-
2.5383		-genome--gatc--egdirb--[1]--gatc--genome-
1.3784		-genome--gatc--[6]--
1.3736		-genome--gatc--[4]--
1.3678		-genome--gatc--[3]--
1.361		-genome--gatc--[5]--
1.357		-genome--gatc--[1]--
1.3334		-genome--gatc--[2]--
1.2839		-genome--gatc--[7]--
1.2445		-genome--gatc--[8]--
1.2366		-genome--gatc--[9]--
1.234		-egdirb--bridge--gatc--egdirb--genome-
1.1955		-genome--gatc--[10]--
0.8039		-egdirb--genome-
0.7101		-egdirb--bridge--gatc--genome-
0.6937		-genome--bridge--[6]--gatc--genome-
0.672		-genome--gatc--[6]--egdirb--genome-
0.6123		-genome--gatc--egdirb--bridge--[1]--gatc--genome-
0.5464		-genome--egdirb--[1]--gatc--genome-
0.54		-genome--bridge--gatc--egdirb--bridge--[1]--gatc--genome-
0.5102		-genome--bridge--gatc--egdirb--genome-
0.497		-bridge--genome-
0.4503		--[6]--gatc--genome-
0.4441		-genome--bridge--[1]--gatc--genome-
0.3694		-genome--bridge--gatc--egdirb--[1]--gatc--genome-
0.335		-bridge--gatc--egdirb--genome-
0.3291		-genome--gatc--[7]--gatc--genome-
0.327		--[5]--gatc--genome-
0.3117		-genome--egdirb--bridge--[1]--gatc--genome-
0.285		-genome--gatc--[6]--gatc--genome-
0.2822		--[3]--gatc--genome-
0.2598		-genome--gatc--[4]--gatc--genome-
0.2405		--[1]--gatc--genome-
0.2155		-genome--gatc--[2]--gatc--genome-
0.1955		--[4]--gatc--genome-
0.1942		-bridge--gatc--genome--bridge--genome-
0.1881		--[7]--gatc--genome-
0.1862		-genome--bridge--gatc--genome-
0.1815		-genome--gatc--[8]--gatc--genome-
0.1811		-genome--gatc--[5]--gatc--genome-
0.1629		-bridge--gatc--genome--egdirb--genome-
0.1579		-genome--gatc--egdirb-
0.1539		--[2]--gatc--genome-
0.1528		-genome--gatc--egdirb--[3]--
0.1515		-genome--gatc--[3]--gatc--genome-
0.1479		-bridge--gatc--genome--gatc--[3]--
0.1466		-bridge--gatc--genome--gatc--[1]--
0.1459		-genome--gatc--[1]--gatc--genome-
0.1453		-genome--gatc--egdirb--[4]--
0.1414		-bridge--gatc--genome--gatc--[4]--
0.1401		-bridge--gatc--genome--gatc--[2]--
0.1394		--[10]--gatc--genome-
0.1391		-genome--gatc--egdirb--[1]--gatc--[2]--
0.1384		-genome--gatc--egdirb--[1]--gatc-
0.1382		-genome--gatc--egdirb--[1]--gatc--[1]--
0.138		-genome--gatc--egdirb--[1]--gatc--[5]--
0.1372		-genome--gatc--egdirb--[1]--gatc--[4]--
0.1363		-genome--gatc--egdirb--[1]--gatc--[3]--
0.1358		-bridge--gatc--genome--gatc--[5]--
0.1355		-genome--egdirb--genome--gatc--egdirb--[1]--gatc--genome-
0.135		-genome--bridge--genome--gatc--[2]--
0.1331		-genome--gatc--egdirb--[1]--gatc--[6]--
0.1318		-genome--egdirb--genome--gatc--[6]--
0.1317		-genome--egdirb--genome--gatc--[4]--
0.1312		-genome--bridge--genome--gatc--[3]--
0.1311		-genome--bridge--genome--gatc--[5]--
0.1297		-genome--gatc--[9]--gatc--genome-
0.129		-genome--egdirb--genome--gatc--[1]--
0.1281		-genome--bridge--genome--gatc--[6]--
0.1279		-genome--bridge--genome--gatc--[4]--
0.1278		-genome--egdirb--genome--gatc--[3]--
0.1278		-genome--bridge--genome--gatc--[1]--
0.1274		-bridge--gatc--genome--gatc--[8]--
0.1273		-bridge--gatc--genome--gatc--[6]--
0.1273		-genome--gatc--egdirb--[1]--gatc--[7]--
0.1257		--[2]--egdirb--genome-
0.1257		-genome--gatc--egdirb--[1]--gatc--[9]--
0.1252		-genome--egdirb--genome--gatc--[2]--
0.1246		-genome--egdirb--genome--gatc--[5]--
0.1242		-genome--bridge--genome--gatc--[7]--
0.1238		--[9]--gatc--genome-
0.1238		-bridge--gatc--genome--gatc--[7]--
0.1232		-genome--bridge--genome--gatc--[8]--
0.1213		-genome--gatc--egdirb--[1]--gatc--[8]--
0.121		--[8]--gatc--genome-
0.1199		-genome--bridge--genome--gatc--egdirb--[1]--gatc--genome-
0.1197		-genome--gatc--egdirb--[1]--gatc--[10]--
0.1192		-genome--bridge--genome--gatc--[10]--
0.1186		-genome--gatc--egdirb--genome-
0.1184		-genome--bridge--genome--gatc--[9]--
0.118		-bridge--gatc--genome--gatc--[9]--
0.1178		-genome--egdirb--genome--gatc--[8]--
0.1167		-genome--gatc--[10]--gatc--genome-
0.1161		-bridge--gatc--genome--gatc--[10]--
0.1159		-genome--egdirb--genome--gatc--[7]--
0.1134		-genome--egdirb--genome--gatc--[9]--
0.1129		-genome--egdirb--genome--gatc--[10]--
0.1095		--[6]--bridge--gatc--egdirb--genome-
0.105		-genome--egdirb--[7]--gatc--genome-
0.1048		-egdirb--bridge--genome-
