count	mask
33.64	-genome-
3.1329	-bridge--gatc--genome-
2.8365	-genome--bridge--genome-
2.7239	-genome--egdirb--genome-
2.0835	-genome--gatc--egdirb--[1]--gatc--genome-
1.8592	-genome--gatc--[1]--
1.8157	-genome--gatc--[3]--
1.814	-genome--gatc--[2]--
1.8017	-genome--gatc--[4]--
1.7818	-genome--gatc--[5]--
1.7581	-genome--gatc--[6]--
1.6684	-genome--gatc--[7]--
1.6101	-genome--gatc--[8]--
1.5759	-genome--gatc--[9]--
1.5311	-genome--gatc--[10]--
1.0232	-genome--bridge--gatc--egdirb--bridge--[1]--gatc--genome-
0.7977	-egdirb--bridge--gatc--genome-
0.6703	-bridge--genome-
0.6456	-genome--bridge--[6]--gatc--genome-
0.6098	-genome--bridge--[1]--gatc--genome-
0.5722	-genome--gatc--[6]--egdirb--genome-
0.5463	-egdirb--bridge--gatc--egdirb--genome-
0.4749	-genome--bridge--gatc--egdirb--genome-
0.4725	-egdirb--genome-
0.4315	-genome--gatc--egdirb--bridge--[1]--gatc--genome-
0.396	-bridge--gatc--egdirb--genome-
0.369	--[6]--gatc--genome-
0.339	-egdirb--bridge--genome-
0.3215	-genome--egdirb--[1]--gatc--genome-
0.3166	-genome--gatc--[7]--gatc--genome-
0.2858	-genome--gatc--[6]--gatc--genome-
0.2688	-genome--gatc--[4]--gatc--genome-
0.2479	--[5]--gatc--genome-
0.247	-genome--bridge--gatc--egdirb--[1]--gatc--genome-
0.2172	--[3]--gatc--genome-
0.2112	-genome--gatc--[2]--gatc--genome-
0.2004	-genome--gatc--egdirb--genome-
0.1968	-bridge--gatc--genome--bridge--genome-
0.1954	--[1]--gatc--genome-
0.1891	--[7]--gatc--genome-
0.1812	-bridge--gatc--genome--gatc--[2]--
0.1809	-bridge--gatc--genome--gatc--[1]--
0.1783	-bridge--gatc--genome--gatc--[4]--
0.174	-bridge--gatc--genome--gatc--[3]--
0.1732	--[4]--gatc--genome-
0.1709	-genome--egdirb--genome--gatc--[1]--
0.1705	-genome--egdirb--genome--gatc--[2]--
0.1697	-bridge--gatc--genome--gatc--[5]--
0.1676	-genome--bridge--genome--gatc--[1]--
0.167	-genome--egdirb--genome--gatc--[3]--
0.1666	-genome--bridge--genome--gatc--[2]--
0.166	-genome--bridge--genome--gatc--[3]--
0.1649	-genome--gatc--[5]--gatc--genome-
0.1647	-genome--egdirb--genome--gatc--[5]--
0.1619	-genome--egdirb--genome--gatc--[6]--
0.1616	-bridge--gatc--genome--gatc--[6]--
0.1613	-genome--egdirb--genome--gatc--[4]--
0.1613	-genome--bridge--genome--gatc--[6]--
0.1612	-genome--bridge--genome--gatc--[4]--
0.1582	-genome--bridge--genome--gatc--[5]--
0.1566	-genome--gatc--egdirb-
0.1561	-genome--gatc--[8]--gatc--genome-
0.155	-bridge--gatc--genome--gatc--[7]--
0.1534	-genome--egdirb--genome--gatc--[8]--
0.1515	-genome--bridge--genome--gatc--[8]--
0.151	-genome--gatc--egdirb--[3]--
0.1506	-genome--egdirb--genome--gatc--[7]--
0.1484	-bridge--gatc--genome--egdirb--genome-
0.148	-bridge--gatc--genome--gatc--[9]--
0.1477	-bridge--gatc--genome--gatc--[8]--
0.1472	-genome--egdirb--genome--gatc--[9]--
0.1468	-genome--gatc--egdirb--[4]--
0.146	-genome--bridge--genome--gatc--[7]--
0.1446	-bridge--gatc--genome--gatc--[10]--
0.1443	-genome--egdirb--genome--gatc--[10]--
0.1433	-genome--bridge--genome--gatc--[9]--
0.1426	-genome--gatc--egdirb--[1]--gatc--[3]--
0.1424	-genome--gatc--egdirb--[1]--gatc--[1]--
0.1398	-genome--bridge--genome--gatc--[10]--
0.1385	--[2]--gatc--genome-
0.1384	-genome--gatc--egdirb--[1]--gatc-
0.1361	-genome--gatc--egdirb--[1]--gatc--[4]--
0.1344	-genome--gatc--egdirb--[1]--gatc--[2]--
0.1343	-genome--gatc--[1]--gatc--genome-
0.131	-genome--gatc--[3]--gatc--genome-
0.1287	-genome--gatc--egdirb--[1]--gatc--[5]--
0.1225	--[10]--gatc--genome-
0.1223	-genome--gatc--egdirb--[1]--gatc--[8]--
0.122	-genome--gatc--egdirb--[1]--gatc--[6]--
0.1205	-genome--gatc--egdirb--[1]--gatc--[7]--
0.1144	-genome--gatc--egdirb--[1]--gatc--[9]--
0.1128	-genome--gatc--egdirb--[1]--gatc--[10]--
0.1126	--[8]--gatc--genome-
0.1121	-genome--gatc--[9]--gatc--genome-
0.1076	--[9]--gatc--genome-
0.1058	-genome--gatc--[10]--gatc--genome-
0.1034	-genome--bridge--genome--gatc--egdirb--[1]--gatc--genome-
0.1017	-genome--egdirb--genome--gatc--egdirb--[1]--gatc--genome-
