count	mask
26.1869	-genome-
8.0218	-egdirb--bridge--gatc--egdirb--genome-
6.4276	-genome--bridge--gatc--egdirb--bridge--[1]--gatc--genome-
3.3536	-bridge--gatc--egdirb--genome-
2.8211	-genome--bridge--gatc--egdirb--[1]--gatc--genome-
1.6501	-bridge--gatc--genome-
1.5762	-genome--bridge--genome-
1.5675	-genome--egdirb--genome-
1.5579	-genome--gatc--egdirb--[1]--gatc--genome-
0.9513	-genome--bridge--gatc--egdirb--genome-
0.903	--[6]--bridge--gatc--egdirb--genome-
0.8329	-egdirb--bridge--gatc--genome-
0.7356	-genome--bridge--gatc--egdirb--[7]--gatc--genome-
0.5981	-genome--gatc--[9]--
0.5962	-genome--gatc--[10]--
0.588	-genome--gatc--[8]--
0.5742	-genome--gatc--[5]--
0.5686	-genome--gatc--[6]--
0.5686	-genome--gatc--[4]--
0.5668	-genome--gatc--[7]--
0.5586	-genome--gatc--[1]--
0.5464	-genome--gatc--[2]--
0.5439	-genome--gatc--[3]--
0.5347	-genome--gatc--egdirb--bridge--[1]--gatc--genome-
0.3981	-bridge--genome-
0.3835	-genome--bridge--[6]--gatc--genome-
0.3057	-genome--gatc--[6]--egdirb--genome-
0.3	-genome--egdirb--[1]--gatc--genome-
0.2826	-egdirb--bridge--gatc--egdirb--bridge--gatc--egdirb--genome-
0.2785	-egdirb--bridge--genome-
0.2754	--[6]--gatc--egdirb--genome-
0.259	-genome--gatc--[7]--gatc--genome-
0.2531	--[6]--gatc--genome-
0.252	-genome--bridge--gatc--egdirb--bridge--gatc--egdirb--bridge--[1]--gatc--genome-
0.2276	-genome--gatc--[4]--gatc--genome-
0.2232	-genome--bridge--gatc--[7]--gatc--genome-
0.2193	-genome--gatc--egdirb--genome-
0.2163	-egdirb--genome-
0.2045	--[7]--bridge--gatc--egdirb--genome-
0.2043	-genome--gatc--[6]--gatc--genome-
0.2042	-egdirb--bridge--gatc--egdirb--genome--egdirb--genome-
0.2003	-egdirb--bridge--gatc--egdirb--genome--bridge--genome-
0.1965	--[3]--gatc--genome-
0.1833	-egdirb--bridge--gatc--egdirb--genome--gatc--[7]--
0.1804	-egdirb--bridge--gatc--egdirb--genome--gatc--[10]--
0.1795	--[5]--gatc--genome-
0.1774	-egdirb--bridge--gatc--egdirb--genome--gatc--[9]--
0.1767	-egdirb--bridge--gatc--egdirb--genome--gatc--[6]--
0.1757	-egdirb--bridge--gatc--egdirb--genome--gatc--[8]--
0.1756	-genome--bridge--[1]--gatc--genome-
0.1739	-egdirb--bridge--gatc--egdirb--genome--gatc--[5]--
0.1714	-egdirb--bridge--gatc--egdirb--genome--gatc--[4]--
0.1711	-egdirb--bridge--gatc--egdirb--genome--gatc--[3]--
0.1695	-genome--gatc--[2]--gatc--genome-
0.167	-egdirb--bridge--gatc--egdirb--genome--gatc--[2]--
0.162	-egdirb--bridge--gatc--egdirb--genome--gatc--[1]--
0.1584	-egdirb--bridge--gatc--egdirb--genome--bridge--[1]--gatc--genome-
0.1562	--[2]--egdirb--genome-
0.1541	-genome--bridge--[3]--gatc--genome-
0.1537	-genome--bridge--gatc--egdirb--[8]--gatc--genome-
0.152	-genome--egdirb--genome--bridge--gatc--egdirb--bridge--[1]--gatc--genome-
0.1514	--[1]--gatc--genome-
0.1466	-genome--bridge--genome--bridge--gatc--egdirb--bridge--[1]--gatc--genome-
0.1386	-genome--gatc--[5]--gatc--genome-
0.1376	-egdirb--genome--bridge--gatc--egdirb--bridge--[1]--gatc--genome-
0.1369	-genome--bridge--gatc--genome-
0.132	--[6]--bridge--genome-
0.1281	--[7]--gatc--genome-
0.1263	--[4]--gatc--genome-
0.1219	-bridge--gatc--egdirb--genome--bridge--genome-
0.1208	-genome--gatc--[1]--gatc--genome-
0.1191	-genome--egdirb--bridge--[1]--gatc--genome-
0.1187	--[2]--egdirb--bridge--gatc--egdirb--genome-
0.115	--[1]--bridge--gatc--egdirb--genome-
0.1146	-genome--gatc--[8]--gatc--genome-
0.1112	--[10]--gatc--genome-
0.11	-genome--bridge--gatc--egdirb--bridge--[1]--gatc--genome--gatc--[7]--
0.1092	-bridge--gatc--egdirb--genome--egdirb--genome-
0.1087	-genome--bridge--gatc--egdirb--bridge--[1]--gatc--genome--gatc--[6]--
0.1084	-genome--bridge--gatc--egdirb--bridge--[1]--gatc--genome--gatc--[4]--
0.1082	-genome--egdirb--[7]--gatc--genome-
0.1075	-genome--gatc--[3]--gatc--genome-
0.1052	-genome--bridge--gatc--egdirb--bridge--[1]--gatc--genome--gatc--[8]--
0.1043	-genome--bridge--gatc--egdirb--bridge--[1]--gatc--genome--gatc--[2]--
0.1041	-genome--bridge--gatc--egdirb--bridge--[1]--gatc--genome--gatc--[9]--
0.104	-genome--bridge--gatc--egdirb--bridge--[1]--gatc--genome--gatc--[10]--
0.1036	-genome--bridge--gatc--egdirb--bridge--[1]--gatc--genome--gatc--[5]--
0.103	-genome--bridge--gatc--egdirb--bridge--genome-
0.1024	-genome--bridge--gatc--egdirb--bridge--[1]--gatc--genome--gatc--[3]--
0.1017	-genome--bridge--gatc--egdirb--bridge--[1]--gatc--genome--gatc--[1]--
0.1015	--[2]--gatc--genome-
0.1004	-genome--egdirb--genome--bridge--gatc--egdirb--[1]--gatc--genome-
