count	mask
17.6591	-genome--gatc--[1]--gatc--genome-
6.9857	-genome-
5.3348	-genome--bridge--gatc--egdirb--bridge--[1]--gatc--genome--gatc--[1]--gatc--genome-
4.4239	-egdirb--bridge--gatc--egdirb--genome--gatc--[1]--gatc--genome-
2.328	-genome--bridge--gatc--egdirb--[1]--gatc--genome--gatc--[1]--gatc--genome-
1.9771	-bridge--gatc--egdirb--genome--gatc--[1]--gatc--genome-
1.8497	-genome--bridge--gatc--egdirb--bridge--[1]--gatc--genome-
1.8428	-egdirb--bridge--gatc--egdirb--genome-
0.9296	-genome--gatc--egdirb--[1]--gatc--genome--gatc--[1]--gatc--genome-
0.8911	-bridge--gatc--genome--gatc--[1]--gatc--genome-
0.8193	-genome--egdirb--genome--gatc--[1]--gatc--genome-
0.8092	-genome--bridge--genome--gatc--[1]--gatc--genome-
0.754	-bridge--gatc--egdirb--genome-
0.731	-genome--bridge--gatc--egdirb--[1]--gatc--genome-
0.6409	-bridge--gatc--genome-
0.6267	-genome--egdirb--genome-
0.615	-genome--bridge--genome-
0.614	-genome--bridge--gatc--egdirb--genome--gatc--[1]--gatc--genome-
0.6107	-genome--bridge--gatc--egdirb--[7]--gatc--genome--gatc--[1]--gatc--genome-
0.5276	-genome--gatc--egdirb--[1]--gatc--genome-
0.5186	--[6]--bridge--gatc--egdirb--genome--gatc--[1]--gatc--genome-
0.5165	-genome--gatc--egdirb--bridge--[1]--gatc--genome--gatc--[1]--gatc--genome-
0.5099	-genome--gatc--[4]--
0.4933	-genome--gatc--[1]--
0.4837	-genome--gatc--[2]--
0.4835	-genome--gatc--[3]--
0.3512	-genome--gatc--[1]--gatc--[9]--
0.3498	-genome--gatc--[1]--gatc--[10]--
0.3435	-genome--gatc--[1]--gatc--[8]--
0.339	-genome--gatc--[1]--gatc--[5]--
0.3364	-genome--gatc--[1]--gatc--[6]--
0.3345	-genome--gatc--[1]--gatc--[3]--
0.3332	-genome--gatc--[1]--gatc--[7]--
0.3332	-genome--gatc--[1]--gatc--[4]--
0.3214	-genome--gatc--[1]--gatc--[2]--
0.3123	-genome--gatc--[1]--gatc--[1]--
0.3099	-egdirb--bridge--gatc--genome--gatc--[1]--gatc--genome-
0.307	-genome--gatc--[1]--gatc-
0.2609	-genome--bridge--gatc--egdirb--genome-
0.2459	-genome--gatc--egdirb--bridge--[1]--gatc--genome-
0.2248	-genome--gatc--[9]--
0.2201	-genome--egdirb--[1]--gatc--genome--gatc--[1]--gatc--genome-
0.2168	-genome--gatc--[10]--
0.2119	-genome--bridge--[6]--gatc--genome--gatc--[1]--gatc--genome-
0.2117	-genome--gatc--[5]--
0.2112	-genome--gatc--[8]--
0.2097	-genome--gatc--[6]--
0.2042	-genome--gatc--[7]--
0.2015	-genome--bridge--gatc--egdirb--[7]--gatc--genome-
0.1946	--[6]--bridge--gatc--egdirb--genome-
0.1907	-egdirb--bridge--gatc--genome-
0.188	-genome--bridge--gatc--[7]--gatc--genome--gatc--[1]--gatc--genome-
0.1852	-genome--gatc--[6]--egdirb--genome--gatc--[1]--gatc--genome-
0.166	-bridge--genome--gatc--[1]--gatc--genome-
0.1626	-genome--egdirb--bridge--[1]--gatc--genome--gatc--[1]--gatc--genome-
0.1597	-genome--gatc--[7]--gatc--genome--gatc--[1]--gatc--genome-
0.1591	--[6]--gatc--genome--gatc--[1]--gatc--genome-
0.1509	--[6]--gatc--egdirb--genome--gatc--[1]--gatc--genome-
0.1509	-genome--bridge--[1]--gatc--genome--gatc--[1]--gatc--genome-
0.1494	-genome--gatc--[4]--gatc--genome--gatc--[1]--gatc--genome-
0.1398	-egdirb--bridge--gatc--egdirb--genome--gatc--[4]--
0.1327	--[3]--gatc--genome--gatc--[1]--gatc--genome-
0.1321	-genome--egdirb--[1]--gatc--genome-
0.1309	-egdirb--bridge--gatc--egdirb--genome--gatc--[2]--
0.1306	-egdirb--bridge--gatc--egdirb--genome--gatc--[3]--
0.1301	-genome--bridge--gatc--egdirb--[8]--gatc--genome--gatc--[1]--gatc--genome-
0.1289	-egdirb--bridge--gatc--egdirb--bridge--gatc--egdirb--genome-
0.1285	-egdirb--bridge--gatc--egdirb--genome--gatc--[1]--
0.1283	-genome--gatc--[6]--gatc--genome--gatc--[1]--gatc--genome-
0.1254	-genome--bridge--gatc--egdirb--bridge--[1]--gatc--genome--gatc--[1]--gatc--[9]--
0.1232	-genome--bridge--gatc--egdirb--bridge--[1]--gatc--genome--gatc--[1]--gatc--[8]--
0.1225	-egdirb--genome--gatc--[1]--gatc--genome-
0.1213	-genome--bridge--[6]--gatc--genome-
0.1201	-genome--bridge--gatc--egdirb--bridge--[1]--gatc--genome--gatc--[1]--gatc--[7]--
0.1199	--[7]--bridge--gatc--egdirb--genome--gatc--[1]--gatc--genome-
0.1188	-egdirb--bridge--gatc--egdirb--bridge--gatc--egdirb--genome--gatc--[1]--gatc--genome-
0.1181	-genome--bridge--gatc--egdirb--bridge--gatc--egdirb--bridge--[1]--gatc--genome--gatc--[1]--gatc--genome-
0.1177	-genome--gatc--[6]--egdirb--genome-
0.1166	-genome--bridge--gatc--egdirb--bridge--[1]--gatc--genome--gatc--[1]--gatc--[5]--
0.1165	-genome--bridge--gatc--egdirb--bridge--[1]--gatc--genome--gatc--[1]--gatc--[2]--
0.1154	-genome--bridge--gatc--egdirb--bridge--[1]--gatc--genome--gatc--[1]--gatc--[6]--
0.1154	-genome--bridge--gatc--egdirb--bridge--[1]--gatc--genome--gatc--[1]--gatc--[10]--
0.1153	-bridge--genome-
0.114	-genome--bridge--[3]--gatc--genome--gatc--[1]--gatc--genome-
0.114	-genome--bridge--gatc--genome-
0.1129	-genome--gatc--[2]--gatc--genome--gatc--[1]--gatc--genome-
0.1119	-genome--bridge--gatc--egdirb--bridge--[1]--gatc--genome--gatc--[1]--gatc--[3]--
0.1113	-genome--bridge--gatc--egdirb--bridge--[1]--gatc--genome--gatc--[4]--
0.1112	-genome--bridge--gatc--egdirb--bridge--gatc--egdirb--bridge--[1]--gatc--genome-
0.1109	-genome--bridge--gatc--egdirb--bridge--[1]--gatc--genome--gatc--[1]--gatc--[4]--
0.1097	--[2]--egdirb--genome--gatc--[1]--gatc--genome-
0.1089	-genome--bridge--gatc--egdirb--bridge--[1]--gatc--genome--gatc--[1]--gatc-
0.1085	-egdirb--bridge--gatc--egdirb--genome--gatc--[1]--gatc--[10]--
0.1084	--[5]--gatc--genome--gatc--[1]--gatc--genome-
0.1082	-genome--bridge--gatc--egdirb--bridge--[1]--gatc--genome--gatc--[3]--
0.108	-egdirb--bridge--gatc--egdirb--genome--gatc--[1]--gatc--[9]--
0.1064	-genome--bridge--gatc--egdirb--bridge--[1]--gatc--genome--gatc--[2]--
0.1063	-genome--bridge--gatc--egdirb--bridge--[1]--gatc--genome--gatc--[1]--gatc--[1]--
0.1047	-egdirb--bridge--gatc--egdirb--genome--gatc--[1]--gatc--[8]--
0.1044	--[1]--gatc--genome--gatc--[1]--gatc--genome-
0.1037	-genome--bridge--gatc--egdirb--bridge--[1]--gatc--genome--gatc--[1]--
0.1029	-egdirb--bridge--gatc--egdirb--genome--gatc--[1]--gatc--[7]--
0.1026	-genome--egdirb--[7]--gatc--genome--gatc--[1]--gatc--genome-
