count	mask
16.1334	-genome-
8.9737	-egdirb--bridge--gatc--egdirb--genome-
6.7608	-genome--bridge--gatc--egdirb--bridge--[1]--gatc--genome-
5.3214	-bridge--gatc--egdirb--genome-
4.351	-genome--bridge--gatc--egdirb--[1]--gatc--genome-
1.6822	-bridge--gatc--genome-
1.4624	-egdirb--bridge--gatc--genome-
1.4487	-genome--gatc--egdirb--[1]--gatc--genome-
1.4035	--[6]--bridge--gatc--egdirb--genome-
1.1229	-genome--bridge--gatc--egdirb--[7]--gatc--genome-
1.0621	-genome--egdirb--genome-
1.045	-genome--bridge--genome-
0.8891	-genome--gatc--egdirb--bridge--[1]--gatc--genome-
0.6492	-genome--bridge--gatc--egdirb--genome-
0.5153	-egdirb--bridge--gatc--egdirb--bridge--gatc--egdirb--genome-
0.4752	-genome--bridge--gatc--egdirb--bridge--gatc--egdirb--bridge--[1]--gatc--genome-
0.4589	-egdirb--bridge--genome-
0.4357	-genome--gatc--[10]--
0.424	-genome--gatc--[8]--
0.4204	-genome--gatc--[6]--
0.4182	-genome--gatc--[9]--
0.4087	-genome--gatc--[4]--
0.4079	-genome--gatc--[7]--
0.4034	-genome--gatc--[5]--
0.4006	-genome--gatc--[1]--
0.4	-genome--gatc--[2]--
0.3992	-genome--gatc--[3]--
0.3685	--[6]--gatc--egdirb--genome-
0.3392	-bridge--genome-
0.3014	-egdirb--genome-
0.2622	-genome--bridge--gatc--egdirb--bridge--gatc--egdirb--[1]--gatc--genome-
0.2608	-genome--egdirb--[1]--gatc--genome-
0.248	-egdirb--bridge--gatc--egdirb--genome--egdirb--genome-
0.2475	-genome--bridge--[6]--gatc--genome-
0.2452	-egdirb--bridge--gatc--egdirb--genome--bridge--genome-
0.2383	-bridge--gatc--egdirb--bridge--gatc--egdirb--genome-
0.2254	--[7]--bridge--gatc--egdirb--genome-
0.2223	-bridge--gatc--egdirb--genome--egdirb--genome-
0.2181	-egdirb--bridge--gatc--egdirb--genome--gatc--[8]--
0.2146	-egdirb--bridge--gatc--egdirb--genome--gatc--[7]--
0.213	--[6]--gatc--genome-
0.2074	-genome--bridge--gatc--[7]--gatc--genome-
0.2072	-egdirb--bridge--gatc--egdirb--genome--gatc--[10]--
0.2072	-bridge--gatc--egdirb--genome--bridge--genome-
0.2072	-genome--gatc--[6]--egdirb--genome-
0.2043	-egdirb--bridge--gatc--egdirb--genome--gatc--[5]--
0.2042	-egdirb--bridge--gatc--egdirb--genome--gatc--[9]--
0.204	-egdirb--bridge--gatc--egdirb--genome--gatc--[6]--
0.2011	-egdirb--bridge--gatc--egdirb--genome--gatc--[4]--
0.1976	-genome--egdirb--bridge--[1]--gatc--genome-
0.1969	-genome--gatc--[7]--gatc--genome-
0.1923	-egdirb--bridge--gatc--egdirb--genome--gatc--[1]--
0.1899	-egdirb--bridge--gatc--egdirb--genome--gatc--[2]--
0.1893	-genome--gatc--egdirb--genome-
0.1893	-egdirb--bridge--gatc--egdirb--genome--gatc--[3]--
0.1775	-genome--bridge--genome--bridge--gatc--egdirb--[1]--gatc--genome-
0.1759	--[1]--bridge--gatc--egdirb--genome-
0.1745	-egdirb--bridge--gatc--egdirb--genome--bridge--[1]--gatc--genome-
0.1727	-genome--bridge--genome--bridge--gatc--egdirb--bridge--[1]--gatc--genome-
0.1712	-genome--egdirb--genome--bridge--gatc--egdirb--bridge--[1]--gatc--genome-
0.1703	--[6]--bridge--gatc--genome-
0.1684	-genome--bridge--gatc--egdirb--[2]--gatc--genome-
0.168	-genome--bridge--[1]--gatc--genome-
0.1652	-genome--egdirb--genome--bridge--gatc--egdirb--[1]--gatc--genome-
0.1608	-genome--bridge--gatc--egdirb--[8]--gatc--genome-
0.1526	-genome--bridge--gatc--egdirb--bridge--gatc--[2]--gatc--genome-
0.1463	-genome--gatc--[6]--gatc--genome-
0.1437	-genome--gatc--[4]--gatc--genome-
0.1408	-egdirb--genome--bridge--gatc--egdirb--bridge--[1]--gatc--genome-
0.1333	-genome--bridge--gatc--egdirb--[3]--gatc--genome-
0.1326	-bridge--gatc--egdirb--genome--gatc--[7]--
0.1319	-bridge--gatc--egdirb--genome--gatc--[6]--
0.1307	-bridge--gatc--egdirb--genome--gatc--[10]--
0.1306	--[5]--gatc--genome-
0.1286	-bridge--gatc--egdirb--bridge--genome-
0.1283	-bridge--gatc--egdirb--genome--gatc--[9]--
0.1273	-bridge--gatc--egdirb--genome--bridge--[1]--gatc--genome-
0.1262	-bridge--gatc--egdirb--genome--gatc--[8]--
0.1254	-bridge--gatc--egdirb--genome--gatc--[5]--
0.1227	--[3]--gatc--genome-
0.1225	-bridge--gatc--egdirb--genome--gatc--[3]--
0.1213	-bridge--gatc--egdirb--genome--gatc--[1]--
0.1208	-genome--bridge--gatc--egdirb--bridge--genome-
0.1205	-bridge--gatc--egdirb--genome--gatc--[2]--
0.1187	-genome--bridge--gatc--egdirb--bridge--[1]--gatc--genome--gatc--[9]--
0.1184	-egdirb--genome--bridge--gatc--egdirb--[1]--gatc--genome-
0.1176	-bridge--gatc--egdirb--genome--gatc--[4]--
0.1158	-genome--bridge--gatc--egdirb--bridge--[1]--gatc--genome--gatc--[8]--
0.1144	--[1]--gatc--egdirb--bridge--gatc--egdirb--genome-
0.1128	-genome--bridge--gatc--egdirb--bridge--[1]--gatc--genome--gatc--[7]--
0.1113	-genome--bridge--gatc--egdirb--bridge--[1]--gatc--genome--gatc--[4]--
0.1107	-genome--bridge--gatc--egdirb--bridge--[1]--gatc--genome--gatc--[10]--
0.1103	-genome--bridge--gatc--egdirb--bridge--gatc--[1]--gatc--genome-
0.1103	-egdirb--bridge--gatc--genome--bridge--genome-
0.1079	-genome--bridge--gatc--egdirb--bridge--[1]--gatc--genome--gatc--[6]--
0.1063	-genome--bridge--gatc--egdirb--bridge--[1]--gatc--genome--gatc--[5]--
0.1063	-genome--bridge--gatc--egdirb--bridge--[1]--gatc--genome--gatc--[3]--
0.1057	-genome--bridge--gatc--egdirb--bridge--[1]--gatc--genome--gatc--[2]--
0.1057	-genome--bridge--gatc--egdirb--[4]--gatc--genome-
0.1051	-genome--bridge--gatc--egdirb--bridge--[1]--gatc--genome--gatc--[1]--
0.1034	-egdirb--[7]--gatc--egdirb--genome-
0.1028	-genome--bridge--gatc--genome-
0.1024	--[7]--gatc--egdirb--genome-
0.1016	--[2]--bridge--gatc--egdirb--genome-
0.1008	--[7]--gatc--genome-
0.1004	-genome--gatc--[2]--gatc--genome-
0.1003	--[6]--bridge--genome-
