count	mask
18.4222	-genome-
9.9512	-genome--bridge--gatc--egdirb--bridge--[1]--gatc--genome-
8.2244	-egdirb--bridge--gatc--egdirb--genome-
5.9642	-genome--bridge--gatc--egdirb--[1]--gatc--genome-
5.2495	-bridge--gatc--egdirb--genome-
1.9002	-genome--gatc--egdirb--[1]--gatc--genome-
1.806	-bridge--gatc--genome-
1.6771	-genome--gatc--egdirb--bridge--[1]--gatc--genome-
1.5609	-genome--bridge--gatc--egdirb--[7]--gatc--genome-
1.3415	--[6]--bridge--gatc--egdirb--genome-
1.2204	-genome--bridge--genome-
1.2196	-genome--egdirb--genome-
1.0643	-egdirb--bridge--gatc--genome-
0.7495	-genome--bridge--gatc--egdirb--genome-
0.6236	-egdirb--bridge--gatc--egdirb--bridge--gatc--egdirb--genome-
0.5502	-genome--bridge--gatc--egdirb--bridge--gatc--egdirb--bridge--[1]--gatc--genome-
0.5045	-genome--egdirb--bridge--[1]--gatc--genome-
0.405	-genome--bridge--gatc--[7]--gatc--genome-
0.3778	-genome--egdirb--[1]--gatc--genome-
0.3487	-bridge--gatc--egdirb--bridge--gatc--egdirb--genome-
0.3247	-genome--bridge--[1]--gatc--genome-
0.3181	-bridge--genome-
0.2874	-genome--bridge--[6]--gatc--genome-
0.2711	-genome--bridge--genome--bridge--gatc--egdirb--bridge--[1]--gatc--genome-
0.2676	-genome--egdirb--genome--bridge--gatc--egdirb--bridge--[1]--gatc--genome-
0.2631	-genome--gatc--[6]--egdirb--genome-
0.2535	--[6]--gatc--egdirb--genome-
0.2527	-egdirb--bridge--gatc--egdirb--genome--egdirb--genome-
0.2523	-genome--bridge--gatc--egdirb--bridge--gatc--egdirb--[1]--gatc--genome-
0.2448	-genome--bridge--genome--bridge--gatc--egdirb--[1]--gatc--genome-
0.244	-bridge--gatc--egdirb--genome--egdirb--genome-
0.2436	-egdirb--bridge--gatc--egdirb--genome--bridge--genome-
0.2388	-genome--gatc--[7]--gatc--genome-
0.2374	--[6]--gatc--genome-
0.2365	-egdirb--bridge--genome-
0.2339	-genome--egdirb--genome--bridge--gatc--egdirb--[1]--gatc--genome-
0.2292	-genome--bridge--gatc--egdirb--[8]--gatc--genome-
0.2256	-bridge--gatc--egdirb--genome--bridge--genome-
0.2033	-egdirb--genome--bridge--gatc--egdirb--bridge--[1]--gatc--genome-
0.199	-genome--gatc--egdirb--[7]--gatc--genome-
0.1979	-genome--bridge--gatc--egdirb--[2]--gatc--genome-
0.1965	--[7]--bridge--gatc--egdirb--genome-
0.1947	-egdirb--genome-
0.1905	-genome--gatc--[6]--
0.1898	-genome--gatc--[10]--
0.1854	--[1]--bridge--gatc--egdirb--genome-
0.1776	-genome--gatc--[9]--
0.1757	-genome--gatc--[8]--
0.1754	--[1]--gatc--egdirb--bridge--gatc--egdirb--genome-
0.1716	-genome--gatc--[5]--
0.1713	-genome--gatc--[7]--
0.1701	-genome--bridge--gatc--genome-
0.169	-genome--gatc--[1]--
0.1688	-genome--gatc--[3]--
0.1685	-genome--gatc--[4]--
0.1676	-genome--gatc--[6]--gatc--genome-
0.1675	-egdirb--bridge--gatc--egdirb--genome--bridge--[1]--gatc--genome-
0.1664	-genome--gatc--[2]--
0.1594	-genome--gatc--[4]--gatc--genome-
0.1552	--[5]--gatc--genome-
0.151	--[2]--bridge--gatc--egdirb--genome-
0.1493	-egdirb--genome--bridge--gatc--egdirb--[1]--gatc--genome-
0.1457	-genome--bridge--gatc--egdirb--bridge--genome-
0.1444	-genome--egdirb--bridge--gatc--egdirb--[1]--gatc--genome-
0.1432	--[3]--gatc--genome-
0.1425	-bridge--gatc--egdirb--genome--bridge--[1]--gatc--genome-
0.1252	-gatc--egdirb--bridge--gatc--egdirb--genome-
0.1246	-genome--egdirb--genome--gatc--egdirb--bridge--[1]--gatc--genome-
0.1226	-genome--egdirb--[7]--gatc--genome-
0.1182	-genome--bridge--gatc--egdirb--bridge--gatc--[2]--gatc--genome-
0.1162	--[6]--bridge--gatc--genome-
0.1161	--[3]--bridge--gatc--egdirb--genome-
0.1158	-genome--egdirb--genome--gatc--egdirb--[1]--gatc--genome-
0.1146	-genome--bridge--gatc--egdirb--[3]--gatc--genome-
0.1139	-genome--gatc--[8]--gatc--genome-
0.1129	-genome--gatc--[2]--gatc--genome-
0.1094	-bridge--gatc--genome--bridge--genome-
0.1093	-bridge--gatc--egdirb--bridge--genome-
0.1092	--[1]--gatc--genome-
0.1065	--[2]--gatc--egdirb--bridge--gatc--egdirb--genome-
0.1053	-genome--bridge--gatc--[7]--bridge--[1]--gatc--genome-
0.1048	-genome--gatc--egdirb--genome-
0.1024	-genome--gatc--egdirb--bridge--gatc--egdirb--[1]--gatc--genome-
0.102	--[6]--bridge--gatc--egdirb--bridge--gatc--egdirb--genome-
0.1008	--[4]--gatc--genome-
