,CHROM,POS,REF,ncbi_id
0,chr1,53929705,A,
1,chr1,76539917,T,NM_012695
2,chr1,76539918,A,NM_012695
3,chr1,82097844,TCC,NM_017344
4,chr1,142185925,AGGGGG,NM_019331
5,chr1,221158767,T,
6,chr10,39297328,C,
7,chr10,97958144,CT,
8,chr10,98017521,GCCCCCC,
9,chr11,55304781,T,
10,chr12,36646128,CAG,
11,chr13,85377053,CGGGGGG,NM_001102408
12,chr15,18451435,C,NM_145770
13,chr15,18451520,T,NM_145770
14,chr15,18459764,T,NM_145770
15,chr15,18464400,G,NM_145770
16,chr15,19639091,T,NM_138528
17,chr15,19721602,G,NM_001134757
18,chr15,19721772,G,NM_001134757
19,chr15,41065107,G,
20,chr15,41065276,G,
21,chr15,41065578,C,
22,chr15,41065705,C,
23,chr15,41065845,G,
24,chr15,41065967,T,
25,chr15,41066164,A,
26,chr15,41139326,G,NM_031052
27,chr15,41668764,G,NM_001108381
28,chr15,41691466,C,NM_001108381
29,chr2,29661775,T,NM_001199192
30,chr2,61395461,A,NM_001006976
31,chr4,99250127,ACT,
32,chr4,118328590,A,
33,chr4,149800419,G,
34,chr4,157456864,CCCG,NM_001107889
35,chr5,117590529,C,NM_001015015
36,chr7,126684406,AGGG,
37,chr8,114846635,A,
38,chr8,114929315,GCC,NM_024484
39,chr9,78988950,A,
40,chr9,78988954,T,
41,chrX,1275614,C,NM_001006982
42,chrX,1287448,C,NM_001006982
43,chrX,1313772,C,NM_001106757
44,chrX,21313477,C,
45,chrX,143107708,G,NM_031540
46,chrX,143140858,G,NM_031540
47,chrX,143141239,A,NM_031540
48,chrX,143141723,T,NM_031540
