CHROM	POS	REF
chr1	53929705	A
chr1	76539917	T
chr1	76539918	A
chr1	82097844	TCC
chr1	142185925	AGGGGG
chr1	221158767	T
chr10	39297328	C
chr10	97958144	CT
chr10	98017521	GCCCCCC
chr11	55304781	T
chr12	36646128	CAG
chr13	85377053	CGGGGGG
chr15	18451435	C
chr15	18451520	T
chr15	18459764	T
chr15	18464400	G
chr15	19639091	T
chr15	19721602	G
chr15	19721772	G
chr15	41065107	G
chr15	41065276	G
chr15	41065578	C
chr15	41065705	C
chr15	41065845	G
chr15	41065967	T
chr15	41066164	A
chr15	41139326	G
chr15	41668764	G
chr15	41691466	C
chr2	29661775	T
chr2	61395461	A
chr4	99250127	ACT
chr4	118328590	A
chr4	149800419	G
chr4	157456864	CCCG
chr5	117590529	C
chr7	126684406	AGGG
chr8	114846635	A
chr8	114929315	GCC
chr9	78988950	A
chr9	78988954	T
chrX	1275614	C
chrX	1287448	C
chrX	1313772	C
chrX	21313477	C
chrX	143107708	G
chrX	143140858	G
chrX	143141239	A
chrX	143141723	T
