	Count	Standard_1	Standard_2	K562_Fishman-Gridina_ExoCBel	K562_Fishman-Gridina_Quarantine
0000000001	339589	0	0	0	1
0000000010	1115594	0	0	1	0
0000000011	14455	0	0	1	1
0000000100	134049	0	0	0	0
0000000101	18516	0	0	0	1
0000000110	10297	0	0	1	0
0000000111	3589	0	0	1	1
0000001000	35131	0	0	0	0
0000001001	1099	0	0	0	1
0000001010	1132	0	0	1	0
0000001011	216	0	0	1	1
0000001100	2922	0	0	0	0
0000001101	746	0	0	0	1
0000001110	339	0	0	1	0
0000001111	176	0	0	1	1
0000010000	88463	0	0	0	0
0000010001	445	0	0	0	1
0000010010	657	0	0	1	0
0000010011	59	0	0	1	1
0000010100	896	0	0	0	0
0000010101	104	0	0	0	1
0000010110	51	0	0	1	0
0000010111	31	0	0	1	1
0000011000	943	0	0	0	0
0000011001	50	0	0	0	1
0000011010	85	0	0	1	0
0000011011	9	0	0	1	1
0000011100	334	0	0	0	0
0000011101	29	0	0	0	1
0000011110	19	0	0	1	0
0000011111	3	0	0	1	1
0000100000	306129	0	0	0	0
0000100001	6882	0	0	0	1
0000100010	5597	0	0	1	0
0000100011	1900	0	0	1	1
0000100100	16739	0	0	0	0
0000100101	7410	0	0	0	1
0000100110	3791	0	0	1	0
0000100111	2798	0	0	1	1
0000101000	783	0	0	0	0
0000101001	180	0	0	0	1
0000101010	154	0	0	1	0
0000101011	65	0	0	1	1
0000101100	1646	0	0	0	0
0000101101	1095	0	0	0	1
0000101110	359	0	0	1	0
0000101111	294	0	0	1	1
0000110000	3636	0	0	0	0
0000110001	90	0	0	0	1
0000110010	109	0	0	1	0
0000110011	33	0	0	1	1
0000110100	939	0	0	0	0
0000110101	545	0	0	0	1
0000110110	180	0	0	1	0
0000110111	191	0	0	1	1
0000111000	81	0	0	0	0
0000111001	19	0	0	0	1
0000111010	26	0	0	1	0
0000111011	6	0	0	1	1
0000111100	409	0	0	0	0
0000111101	246	0	0	0	1
0000111110	88	0	0	1	0
0000111111	77	0	0	1	1
0001000000	62750	0	0	0	0
0001000001	2280	0	0	0	1
0001000010	2184	0	0	1	0
0001000011	464	0	0	1	1
0001000100	2450	0	0	0	0
0001000101	589	0	0	0	1
0001000110	372	0	0	1	0
0001000111	157	0	0	1	1
0001001000	1425	0	0	0	0
0001001001	130	0	0	0	1
0001001010	188	0	0	1	0
0001001011	55	0	0	1	1
0001001100	329	0	0	0	0
0001001101	61	0	0	0	1
0001001110	39	0	0	1	0
0001001111	33	0	0	1	1
0001010000	1804	0	0	0	0
0001010001	98	0	0	0	1
0001010010	120	0	0	1	0
0001010011	25	0	0	1	1
0001010100	223	0	0	0	0
0001010101	35	0	0	0	1
0001010110	22	0	0	1	0
0001010111	11	0	0	1	1
0001011000	386	0	0	0	0
0001011001	39	0	0	0	1
0001011010	57	0	0	1	0
0001011011	21	0	0	1	1
0001011100	154	0	0	0	0
0001011101	15	0	0	0	1
0001011110	14	0	0	1	0
0001011111	8	0	0	1	1
0001100000	6487	0	0	0	0
0001100001	397	0	0	0	1
0001100010	367	0	0	1	0
0001100011	174	0	0	1	1
0001100100	2115	0	0	0	0
0001100101	1276	0	0	0	1
0001100110	566	0	0	1	0
0001100111	571	0	0	1	1
0001101000	242	0	0	0	0
0001101001	66	0	0	0	1
0001101010	84	0	0	1	0
0001101011	40	0	0	1	1
0001101100	693	0	0	0	0
0001101101	490	0	0	0	1
0001101110	148	0	0	1	0
0001101111	197	0	0	1	1
0001110000	620	0	0	0	0
0001110001	47	0	0	0	1
0001110010	75	0	0	1	0
0001110011	30	0	0	1	1
0001110100	785	0	0	0	0
0001110101	569	0	0	0	1
0001110110	154	0	0	1	0
0001110111	167	0	0	1	1
0001111000	127	0	0	0	0
0001111001	27	0	0	0	1
0001111010	67	0	0	1	0
0001111011	20	0	0	1	1
0001111100	483	0	0	0	0
0001111101	360	0	0	0	1
0001111110	93	0	0	1	0
0001111111	114	0	0	1	1
0010000000	259743	0	0	0	0
0010000001	47144	0	0	0	1
0010000010	10597	0	0	1	0
0010000011	9700	0	0	1	1
0010000100	148859	0	0	0	0
0010000101	99316	0	0	0	1
0010000110	19939	0	0	1	0
0010000111	34015	0	0	1	1
0010001000	772	0	0	0	0
0010001001	448	0	0	0	1
0010001010	144	0	0	1	0
0010001011	194	0	0	1	1
0010001100	29471	0	0	0	0
0010001101	60728	0	0	0	1
0010001110	6709	0	0	1	0
0010001111	31096	0	0	1	1
0010010000	992	0	0	0	0
0010010001	322	0	0	0	1
0010010010	107	0	0	1	0
0010010011	104	0	0	1	1
0010010100	1022	0	0	0	0
0010010101	945	0	0	0	1
0010010110	174	0	0	1	0
0010010111	419	0	0	1	1
0010011000	45	0	0	0	0
0010011001	20	0	0	0	1
0010011010	8	0	0	1	0
0010011011	15	0	0	1	1
0010011100	641	0	0	0	0
0010011101	1604	0	0	0	1
0010011110	134	0	0	1	0
0010011111	1183	0	0	1	1
0010100000	53848	0	0	0	0
0010100001	26494	0	0	0	1
0010100010	6045	0	0	1	0
0010100011	10341	0	0	1	1
0010100100	177063	0	0	0	0
0010100101	240469	0	0	0	1
0010100110	62805	0	0	1	0
0010100111	189243	0	0	1	1
0010101000	306	0	0	0	0
0010101001	303	0	0	0	1
0010101010	122	0	0	1	0
0010101011	224	0	0	1	1
0010101100	49884	0	0	0	0
0010101101	131607	0	0	0	1
0010101110	15310	0	0	1	0
0010101111	102019	0	0	1	1
0010110000	1850	0	0	0	0
0010110001	1066	0	0	0	1
0010110010	213	0	0	1	0
0010110011	507	0	0	1	1
0010110100	19749	0	0	0	0
0010110101	26564	0	0	0	1
0010110110	5572	0	0	1	0
0010110111	17647	0	0	1	1
0010111000	25	0	0	0	0
0010111001	40	0	0	0	1
0010111010	10	0	0	1	0
0010111011	40	0	0	1	1
0010111100	14937	0	0	0	0
0010111101	33959	0	0	0	1
0010111110	4292	0	0	1	0
0010111111	24779	0	0	1	1
0011000000	2217	0	0	0	0
0011000001	937	0	0	0	1
0011000010	278	0	0	1	0
0011000011	329	0	0	1	1
0011000100	3149	0	0	0	0
0011000101	2998	0	0	0	1
0011000110	737	0	0	1	0
0011000111	1524	0	0	1	1
0011001000	128	0	0	0	0
0011001001	66	0	0	0	1
0011001010	40	0	0	1	0
0011001011	39	0	0	1	1
0011001100	1346	0	0	0	0
0011001101	2814	0	0	0	1
0011001110	400	0	0	1	0
0011001111	2021	0	0	1	1
0011010000	154	0	0	0	0
0011010001	71	0	0	0	1
0011010010	28	0	0	1	0
0011010011	39	0	0	1	1
0011010100	322	0	0	0	0
0011010101	277	0	0	0	1
0011010110	65	0	0	1	0
0011010111	124	0	0	1	1
0011011000	38	0	0	0	0
0011011001	28	0	0	0	1
0011011010	20	0	0	1	0
0011011011	13	0	0	1	1
0011011100	245	0	0	0	0
0011011101	395	0	0	0	1
0011011110	41	0	0	1	0
0011011111	309	0	0	1	1
0011100000	3759	0	0	0	0
0011100001	2782	0	0	0	1
0011100010	575	0	0	1	0
0011100011	1690	0	0	1	1
0011100100	48231	0	0	0	0
0011100101	88423	0	0	0	1
0011100110	19271	0	0	1	0
0011100111	96477	0	0	1	1
0011101000	125	0	0	0	0
0011101001	153	0	0	0	1
0011101010	54	0	0	1	0
0011101011	155	0	0	1	1
0011101100	35038	0	0	0	0
0011101101	116660	0	0	0	1
0011101110	12275	0	0	1	0
0011101111	103041	0	0	1	1
0011110000	561	0	0	0	0
0011110001	561	0	0	0	1
0011110010	124	0	0	1	0
0011110011	423	0	0	1	1
0011110100	30872	0	0	0	0
0011110101	63603	0	0	0	1
0011110110	9639	0	0	1	0
0011110111	51418	0	0	1	1
0011111000	64	0	0	0	0
0011111001	81	0	0	0	1
0011111010	41	0	0	1	0
0011111011	89	0	0	1	1
0011111100	42168	0	0	0	0
0011111101	171819	0	0	0	1
0011111110	15904	0	0	1	0
0011111111	163844	0	0	1	1
0100000000	25429	0	0	0	0
0100000001	777	0	0	0	1
0100000010	913	0	0	1	0
0100000011	246	0	0	1	1
0100000100	923	0	0	0	0
0100000101	246	0	0	0	1
0100000110	181	0	0	1	0
0100000111	97	0	0	1	1
0100001000	197	0	0	0	0
0100001001	25	0	0	0	1
0100001010	36	0	0	1	0
0100001011	15	0	0	1	1
0100001100	62	0	0	0	0
0100001101	16	0	0	0	1
0100001110	14	0	0	1	0
0100001111	11	0	0	1	1
0100010000	220	0	0	0	0
0100010001	18	0	0	0	1
0100010010	21	0	0	1	0
0100010011	6	0	0	1	1
0100010100	48	0	0	0	0
0100010101	17	0	0	0	1
0100010110	5	0	0	1	0
0100010111	3	0	0	1	1
0100011000	52	0	0	0	0
0100011001	11	0	0	0	1
0100011010	12	0	0	1	0
0100011011	2	0	0	1	1
0100011100	19	0	0	0	0
0100011101	5	0	0	0	1
0100011110	2	0	0	1	0
0100011111	2	0	0	1	1
0100100000	1751	0	0	0	0
0100100001	257	0	0	0	1
0100100010	290	0	0	1	0
0100100011	160	0	0	1	1
0100100100	807	0	0	0	0
0100100101	591	0	0	0	1
0100100110	344	0	0	1	0
0100100111	397	0	0	1	1
0100101000	38	0	0	0	0
0100101001	10	0	0	0	1
0100101010	8	0	0	1	0
0100101011	9	0	0	1	1
0100101100	131	0	0	0	0
0100101101	123	0	0	0	1
0100101110	42	0	0	1	0
0100101111	49	0	0	1	1
0100110000	66	0	0	0	0
0100110001	13	0	0	0	1
0100110010	18	0	0	1	0
0100110011	10	0	0	1	1
0100110100	157	0	0	0	0
0100110101	153	0	0	0	1
0100110110	53	0	0	1	0
0100110111	47	0	0	1	1
0100111000	12	0	0	0	0
0100111001	3	0	0	0	1
0100111010	13	0	0	1	0
0100111011	3	0	0	1	1
0100111100	87	0	0	0	0
0100111101	101	0	0	0	1
0100111110	30	0	0	1	0
0100111111	29	0	0	1	1
0101000000	513	0	0	0	0
0101000001	80	0	0	0	1
0101000010	97	0	0	1	0
0101000011	36	0	0	1	1
0101000100	80	0	0	0	0
0101000101	33	0	0	0	1
0101000110	24	0	0	1	0
0101000111	16	0	0	1	1
0101001000	69	0	0	0	0
0101001001	10	0	0	0	1
0101001010	31	0	0	1	0
0101001011	16	0	0	1	1
0101001100	26	0	0	0	0
0101001101	8	0	0	0	1
0101001110	9	0	0	1	0
0101001111	7	0	0	1	1
0101010000	84	0	0	0	0
0101010001	11	0	0	0	1
0101010010	19	0	0	1	0
0101010011	7	0	0	1	1
0101010100	35	0	0	0	0
0101010101	1	0	0	0	1
0101010110	3	0	0	1	0
0101010111	4	0	0	1	1
0101011000	51	0	0	0	0
0101011001	10	0	0	0	1
0101011010	11	0	0	1	0
0101011011	5	0	0	1	1
0101011100	22	0	0	0	0
0101011101	7	0	0	0	1
0101011110	4	0	0	1	0
0101011111	6	0	0	1	1
0101100000	252	0	0	0	0
0101100001	52	0	0	0	1
0101100010	83	0	0	1	0
0101100011	33	0	0	1	1
0101100100	268	0	0	0	0
0101100101	244	0	0	0	1
0101100110	119	0	0	1	0
0101100111	144	0	0	1	1
0101101000	38	0	0	0	0
0101101001	13	0	0	0	1
0101101010	19	0	0	1	0
0101101011	10	0	0	1	1
0101101100	129	0	0	0	0
0101101101	104	0	0	0	1
0101101110	47	0	0	1	0
0101101111	66	0	0	1	1
0101110000	58	0	0	0	0
0101110001	13	0	0	0	1
0101110010	22	0	0	1	0
0101110011	13	0	0	1	1
0101110100	209	0	0	0	0
0101110101	233	0	0	0	1
0101110110	58	0	0	1	0
0101110111	82	0	0	1	1
0101111000	24	0	0	0	0
0101111001	9	0	0	0	1
0101111010	13	0	0	1	0
0101111011	9	0	0	1	1
0101111100	134	0	0	0	0
0101111101	123	0	0	0	1
0101111110	31	0	0	1	0
0101111111	71	0	0	1	1
0110000000	999	0	0	0	0
0110000001	629	0	0	0	1
0110000010	238	0	0	1	0
0110000011	421	0	0	1	1
0110000100	1636	0	0	0	0
0110000101	1355	0	0	0	1
0110000110	344	0	0	1	0
0110000111	829	0	0	1	1
0110001000	19	0	0	0	0
0110001001	14	0	0	0	1
0110001010	20	0	0	1	0
0110001011	13	0	0	1	1
0110001100	111	0	0	0	0
0110001101	166	0	0	0	1
0110001110	39	0	0	1	0
0110001111	164	0	0	1	1
0110010000	21	0	0	0	0
0110010001	18	0	0	0	1
0110010010	6	0	0	1	0
0110010011	13	0	0	1	1
0110010100	67	0	0	0	0
0110010101	63	0	0	0	1
0110010110	6	0	0	1	0
0110010111	46	0	0	1	1
0110011000	3	0	0	0	0
0110011001	3	0	0	0	1
0110011010	5	0	0	1	0
0110011011	3	0	0	1	1
0110011100	29	0	0	0	0
0110011101	36	0	0	0	1
0110011110	10	0	0	1	0
0110011111	28	0	0	1	1
0110100000	1128	0	0	0	0
0110100001	1454	0	0	0	1
0110100010	391	0	0	1	0
0110100011	1499	0	0	1	1
0110100100	17093	0	0	0	0
0110100101	36784	0	0	0	1
0110100110	11954	0	0	1	0
0110100111	70427	0	0	1	1
0110101000	22	0	0	0	0
0110101001	32	0	0	0	1
0110101010	13	0	0	1	0
0110101011	47	0	0	1	1
0110101100	4527	0	0	0	0
0110101101	12036	0	0	0	1
0110101110	2254	0	0	1	0
0110101111	14750	0	0	1	1
0110110000	61	0	0	0	0
0110110001	85	0	0	0	1
0110110010	22	0	0	1	0
0110110011	126	0	0	1	1
0110110100	5105	0	0	0	0
0110110101	10576	0	0	0	1
0110110110	2214	0	0	1	0
0110110111	13486	0	0	1	1
0110111000	8	0	0	0	0
0110111001	9	0	0	0	1
0110111010	10	0	0	1	0
0110111011	24	0	0	1	1
0110111100	5230	0	0	0	0
0110111101	18416	0	0	0	1
0110111110	2475	0	0	1	0
0110111111	20886	0	0	1	1
0111000000	83	0	0	0	0
0111000001	81	0	0	0	1
0111000010	41	0	0	1	0
0111000011	60	0	0	1	1
0111000100	167	0	0	0	0
0111000101	205	0	0	0	1
0111000110	80	0	0	1	0
0111000111	250	0	0	1	1
0111001000	15	0	0	0	0
0111001001	9	0	0	0	1
0111001010	6	0	0	1	0
0111001011	13	0	0	1	1
0111001100	51	0	0	0	0
0111001101	118	0	0	0	1
0111001110	26	0	0	1	0
0111001111	241	0	0	1	1
0111010000	15	0	0	0	0
0111010001	10	0	0	0	1
0111010010	5	0	0	1	0
0111010011	14	0	0	1	1
0111010100	36	0	0	0	0
0111010101	45	0	0	0	1
0111010110	11	0	0	1	0
0111010111	40	0	0	1	1
0111011000	4	0	0	0	0
0111011001	7	0	0	0	1
0111011010	3	0	0	1	0
0111011011	6	0	0	1	1
0111011100	33	0	0	0	0
0111011101	95	0	0	0	1
0111011110	14	0	0	1	0
0111011111	108	0	0	1	1
0111100000	221	0	0	0	0
0111100001	384	0	0	0	1
0111100010	97	0	0	1	0
0111100011	559	0	0	1	1
0111100100	9637	0	0	0	0
0111100101	28208	0	0	0	1
0111100110	6728	0	0	1	0
0111100111	68575	0	0	1	1
0111101000	14	0	0	0	0
0111101001	55	0	0	0	1
0111101010	20	0	0	1	0
0111101011	72	0	0	1	1
0111101100	7815	0	0	0	0
0111101101	35576	0	0	0	1
0111101110	4692	0	0	1	0
0111101111	54162	0	0	1	1
0111110000	78	0	0	0	0
0111110001	144	0	0	0	1
0111110010	32	0	0	1	0
0111110011	192	0	0	1	1
0111110100	13503	0	0	0	0
0111110101	49777	0	0	0	1
0111110110	6581	0	0	1	0
0111110111	68939	0	0	1	1
0111111000	14	0	0	0	0
0111111001	43	0	0	0	1
0111111010	13	0	0	1	0
0111111011	82	0	0	1	1
0111111100	27970	0	1	0	0
0111111101	210158	0	1	0	1
0111111110	17388	0	1	1	0
0111111111	332737	0	1	1	1
1000000000	38889	0	0	0	0
1000000001	1192	0	0	0	1
1000000010	1314	0	0	1	0
1000000011	435	0	0	1	1
1000000100	2046	0	0	0	0
1000000101	376	0	0	0	1
1000000110	356	0	0	1	0
1000000111	187	0	0	1	1
1000001000	167	0	0	0	0
1000001001	26	0	0	0	1
1000001010	25	0	0	1	0
1000001011	14	0	0	1	1
1000001100	165	0	0	0	0
1000001101	33	0	0	0	1
1000001110	24	0	0	1	0
1000001111	17	0	0	1	1
1000010000	96	0	0	0	0
1000010001	16	0	0	0	1
1000010010	10	0	0	1	0
1000010011	5	0	0	1	1
1000010100	72	0	0	0	0
1000010101	5	0	0	0	1
1000010110	2	0	0	1	0
1000010111	3	0	0	1	1
1000011000	4	0	0	0	0
1000011001	2	0	0	0	1
1000011010	4	0	0	1	0
1000011100	35	0	0	0	0
1000011101	5	0	0	0	1
1000011110	2	0	0	1	0
1000011111	1	0	0	1	1
1000100000	863	0	0	0	0
1000100001	206	0	0	0	1
1000100010	258	0	0	1	0
1000100011	116	0	0	1	1
1000100100	385	0	0	0	0
1000100101	277	0	0	0	1
1000100110	224	0	0	1	0
1000100111	221	0	0	1	1
1000101000	14	0	0	0	0
1000101001	4	0	0	0	1
1000101010	3	0	0	1	0
1000101011	11	0	0	1	1
1000101100	58	0	0	0	0
1000101101	54	0	0	0	1
1000101110	40	0	0	1	0
1000101111	37	0	0	1	1
1000110000	26	0	0	0	0
1000110001	7	0	0	0	1
1000110010	2	0	0	1	0
1000110011	6	0	0	1	1
1000110100	30	0	0	0	0
1000110101	19	0	0	0	1
1000110110	18	0	0	1	0
1000110111	14	0	0	1	1
1000111100	18	0	0	0	0
1000111101	10	0	0	0	1
1000111110	7	0	0	1	0
1000111111	9	0	0	1	1
1001000000	222	0	0	0	0
1001000001	52	0	0	0	1
1001000010	52	0	0	1	0
1001000011	14	0	0	1	1
1001000100	97	0	0	0	0
1001000101	17	0	0	0	1
1001000110	16	0	0	1	0
1001000111	8	0	0	1	1
1001001000	36	0	0	0	0
1001001001	7	0	0	0	1
1001001010	2	0	0	1	0
1001001011	6	0	0	1	1
1001001100	25	0	0	0	0
1001001101	2	0	0	0	1
1001001110	6	0	0	1	0
1001001111	2	0	0	1	1
1001010000	35	0	0	0	0
1001010001	5	0	0	0	1
1001010010	2	0	0	1	0
1001010011	1	0	0	1	1
1001010100	35	0	0	0	0
1001010101	2	0	0	0	1
1001010111	4	0	0	1	1
1001011000	19	0	0	0	0
1001011001	1	0	0	0	1
1001011010	2	0	0	1	0
1001011011	1	0	0	1	1
1001011100	19	0	0	0	0
1001011101	2	0	0	0	1
1001100000	60	0	0	0	0
1001100001	19	0	0	0	1
1001100010	26	0	0	1	0
1001100011	20	0	0	1	1
1001100100	74	0	0	0	0
1001100101	50	0	0	0	1
1001100110	44	0	0	1	0
1001100111	56	0	0	1	1
1001101000	5	0	0	0	0
1001101001	1	0	0	0	1
1001101010	1	0	0	1	0
1001101011	6	0	0	1	1
1001101100	18	0	0	0	0
1001101101	22	0	0	0	1
1001101110	20	0	0	1	0
1001101111	23	0	0	1	1
1001110000	14	0	0	0	0
1001110001	7	0	0	0	1
1001110010	12	0	0	1	0
1001110011	6	0	0	1	1
1001110100	28	0	0	0	0
1001110101	18	0	0	0	1
1001110110	16	0	0	1	0
1001110111	35	0	0	1	1
1001111000	3	0	0	0	0
1001111001	2	0	0	0	1
1001111010	5	0	0	1	0
1001111011	5	0	0	1	1
1001111100	24	0	0	0	0
1001111101	15	0	0	0	1
1001111110	12	0	0	1	0
1001111111	18	0	0	1	1
1010000000	2871	0	0	0	0
1010000001	1393	0	0	0	1
1010000010	708	0	0	1	0
1010000011	1128	0	0	1	1
1010000100	2953	0	0	0	0
1010000101	3145	0	0	0	1
1010000110	1219	0	0	1	0
1010000111	3458	0	0	1	1
1010001000	25	0	0	0	0
1010001001	14	0	0	0	1
1010001010	6	0	0	1	0
1010001011	23	0	0	1	1
1010001100	743	0	0	0	0
1010001101	2222	0	0	0	1
1010001110	442	0	0	1	0
1010001111	3394	0	0	1	1
1010010000	32	0	0	0	0
1010010001	10	0	0	0	1
1010010010	15	0	0	1	0
1010010011	27	0	0	1	1
1010010100	40	0	0	0	0
1010010101	33	0	0	0	1
1010010110	15	0	0	1	0
1010010111	53	0	0	1	1
1010011000	3	0	0	0	0
1010011001	8	0	0	0	1
1010011010	1	0	0	1	0
1010011011	3	0	0	1	1
1010011100	16	0	0	0	0
1010011101	74	0	0	0	1
1010011110	4	0	0	1	0
1010011111	146	0	0	1	1
1010100000	1450	0	0	0	0
1010100001	1266	0	0	0	1
1010100010	545	0	0	1	0
1010100011	1937	0	0	1	1
1010100100	5678	0	0	0	0
1010100101	10914	0	0	0	1
1010100110	4678	0	0	1	0
1010100111	22537	0	0	1	1
1010101000	13	0	0	0	0
1010101001	19	0	0	0	1
1010101010	7	0	0	1	0
1010101011	28	0	0	1	1
1010101100	1617	0	0	0	0
1010101101	6335	0	0	0	1
1010101110	1432	0	0	1	0
1010101111	16307	0	0	1	1
1010110000	79	0	0	0	0
1010110001	71	0	0	0	1
1010110010	27	0	0	1	0
1010110011	107	0	0	1	1
1010110100	641	0	0	0	0
1010110101	1277	0	0	0	1
1010110110	455	0	0	1	0
1010110111	2415	0	0	1	1
1010111000	1	0	0	0	0
1010111001	3	0	0	0	1
1010111010	1	0	0	1	0
1010111011	10	0	0	1	1
1010111100	431	0	0	0	0
1010111101	1593	0	0	0	1
1010111110	376	0	0	1	0
1010111111	3806	0	0	1	1
1011000000	79	0	0	0	0
1011000001	38	0	0	0	1
1011000010	34	0	0	1	0
1011000011	61	0	0	1	1
1011000100	81	0	0	0	0
1011000101	112	0	0	0	1
1011000110	62	0	0	1	0
1011000111	219	0	0	1	1
1011001000	2	0	0	0	0
1011001001	4	0	0	0	1
1011001010	4	0	0	1	0
1011001011	2	0	0	1	1
1011001100	41	0	0	0	0
1011001101	113	0	0	0	1
1011001110	39	0	0	1	0
1011001111	344	0	0	1	1
1011010000	8	0	0	0	0
1011010001	8	0	0	0	1
1011010010	6	0	0	1	0
1011010011	17	0	0	1	1
1011010100	15	0	0	0	0
1011010101	11	0	0	0	1
1011010110	5	0	0	1	0
1011010111	21	0	0	1	1
1011011000	2	0	0	0	0
1011011010	3	0	0	1	0
1011011011	1	0	0	1	1
1011011100	9	0	0	0	0
1011011101	28	0	0	0	1
1011011110	5	0	0	1	0
1011011111	37	0	0	1	1
1011100000	150	0	0	0	0
1011100001	185	0	0	0	1
1011100010	65	0	0	1	0
1011100011	416	0	0	1	1
1011100100	1648	0	0	0	0
1011100101	4454	0	0	0	1
1011100110	1613	0	0	1	0
1011100111	14180	0	0	1	1
1011101000	6	0	0	0	0
1011101001	14	0	0	0	1
1011101010	14	0	0	1	0
1011101011	13	0	0	1	1
1011101100	1119	0	0	0	0
1011101101	5771	0	0	0	1
1011101110	987	0	0	1	0
1011101111	15408	0	0	1	1
1011110000	38	0	0	0	0
1011110001	70	0	0	0	1
1011110010	28	0	0	1	0
1011110011	114	0	0	1	1
1011110100	1127	0	0	0	0
1011110101	3192	0	0	0	1
1011110110	848	0	0	1	0
1011110111	7873	0	0	1	1
1011111000	1	0	0	0	0
1011111001	5	0	0	0	1
1011111010	4	0	0	1	0
1011111011	27	0	0	1	1
1011111100	1295	0	0	0	0
1011111101	8553	0	0	0	1
1011111110	1125	0	0	1	0
1011111111	23042	0	0	1	1
1100000000	111	0	0	0	0
1100000001	16	0	0	0	1
1100000010	35	0	0	1	0
1100000011	18	0	0	1	1
1100000100	64	0	0	0	0
1100000101	14	0	0	0	1
1100000110	14	0	0	1	0
1100000111	25	0	0	1	1
1100001000	4	0	0	0	0
1100001010	2	0	0	1	0
1100001100	3	0	0	0	0
1100001110	3	0	0	1	0
1100001111	7	0	0	1	1
1100010000	8	0	0	0	0
1100010001	1	0	0	0	1
1100010010	3	0	0	1	0
1100010011	2	0	0	1	1
1100010100	8	0	0	0	0
1100010110	1	0	0	1	0
1100011000	5	0	0	0	0
1100011100	4	0	0	0	0
1100011101	2	0	0	0	1
1100100000	34	0	0	0	0
1100100001	11	0	0	0	1
1100100010	16	0	0	1	0
1100100011	39	0	0	1	1
1100100100	36	0	0	0	0
1100100101	43	0	0	0	1
1100100110	39	0	0	1	0
1100100111	46	0	0	1	1
1100101000	3	0	0	0	0
1100101010	4	0	0	1	0
1100101011	2	0	0	1	1
1100101100	8	0	0	0	0
1100101101	10	0	0	0	1
1100101110	8	0	0	1	0
1100101111	5	0	0	1	1
1100110000	2	0	0	0	0
1100110010	1	0	0	1	0
1100110011	3	0	0	1	1
1100110100	5	0	0	0	0
1100110101	7	0	0	0	1
1100110110	12	0	0	1	0
1100110111	6	0	0	1	1
1100111010	2	0	0	1	0
1100111011	2	0	0	1	1
1100111100	2	0	0	0	0
1100111101	2	0	0	0	1
1100111111	1	0	0	1	1
1101000000	10	0	0	0	0
1101000001	5	0	0	0	1
1101000010	4	0	0	1	0
1101000011	1	0	0	1	1
1101000100	10	0	0	0	0
1101000101	6	0	0	0	1
1101000110	6	0	0	1	0
1101000111	6	0	0	1	1
1101001010	1	0	0	1	0
1101001100	7	0	0	0	0
1101001110	1	0	0	1	0
1101010000	10	0	0	0	0
1101010011	3	0	0	1	1
1101010100	10	0	0	0	0
1101010110	2	0	0	1	0
1101010111	6	0	0	1	1
1101011000	8	0	0	0	0
1101011100	10	0	0	0	0
1101011101	3	0	0	0	1
1101011111	1	0	0	1	1
1101100000	10	0	0	0	0
1101100001	9	0	0	0	1
1101100010	6	0	0	1	0
1101100011	8	0	0	1	1
1101100100	20	0	0	0	0
1101100101	24	0	0	0	1
1101100110	13	0	0	1	0
1101100111	23	0	0	1	1
1101101000	4	0	0	0	0
1101101010	4	0	0	1	0
1101101011	5	0	0	1	1
1101101100	5	0	0	0	0
1101101101	10	0	0	0	1
1101101110	8	0	0	1	0
1101101111	13	0	0	1	1
1101110000	7	0	0	0	0
1101110001	8	0	0	0	1
1101110010	3	0	0	1	0
1101110011	2	0	0	1	1
1101110100	12	0	0	0	0
1101110101	11	0	0	0	1
1101110110	9	0	0	1	0
1101110111	20	0	0	1	1
1101111010	1	0	0	1	0
1101111011	3	0	0	1	1
1101111100	7	0	0	0	0
1101111101	9	0	0	0	1
1101111110	8	0	0	1	0
1101111111	14	0	0	1	1
1110000000	50	0	0	0	0
1110000001	36	0	0	0	1
1110000010	47	0	0	1	0
1110000011	85	0	0	1	1
1110000100	44	0	0	0	0
1110000101	71	0	0	0	1
1110000110	44	0	0	1	0
1110000111	131	0	0	1	1
1110001001	2	0	0	0	1
1110001010	4	0	0	1	0
1110001011	1	0	0	1	1
1110001100	3	0	0	0	0
1110001101	11	0	0	0	1
1110001110	8	0	0	1	0
1110001111	39	0	0	1	1
1110010000	2	0	0	0	0
1110010001	1	0	0	0	1
1110010010	2	0	0	1	0
1110010011	10	0	0	1	1
1110010100	10	0	0	0	0
1110010101	5	0	0	0	1
1110010110	1	0	0	1	0
1110010111	5	0	0	1	1
1110011001	1	0	0	0	1
1110011010	3	0	0	1	0
1110011100	3	0	0	0	0
1110011111	3	0	0	1	1
1110100000	65	0	0	0	0
1110100001	88	0	0	0	1
1110100010	86	0	0	1	0
1110100011	420	0	0	1	1
1110100100	759	0	0	0	0
1110100101	2266	0	0	0	1
1110100110	1144	0	0	1	0
1110100111	11072	0	0	1	1
1110101000	2	0	0	0	0
1110101001	5	0	0	0	1
1110101010	1	0	0	1	0
1110101011	10	0	0	1	1
1110101100	173	0	0	0	0
1110101101	675	0	0	0	1
1110101110	270	0	0	1	0
1110101111	2678	0	0	1	1
1110110000	4	0	0	0	0
1110110001	6	0	0	0	1
1110110010	3	0	0	1	0
1110110011	32	0	0	1	1
1110110100	198	0	0	0	0
1110110101	565	0	0	0	1
1110110110	254	0	0	1	0
1110110111	2441	0	0	1	1
1110111001	8	0	0	0	1
1110111010	1	0	0	1	0
1110111011	4	0	0	1	1
1110111100	180	0	0	0	0
1110111101	927	0	0	0	1
1110111110	249	0	0	1	0
1110111111	3712	0	0	1	1
1111000000	3	0	0	0	0
1111000001	8	0	0	0	1
1111000010	4	0	0	1	0
1111000011	18	0	0	1	1
1111000100	7	0	0	0	0
1111000101	13	0	0	0	1
1111000110	14	0	0	1	0
1111000111	73	0	0	1	1
1111001001	2	0	0	0	1
1111001011	3	0	0	1	1
1111001100	4	0	0	0	0
1111001101	17	0	0	0	1
1111001110	9	0	0	1	0
1111001111	77	0	0	1	1
1111010000	5	0	0	0	0
1111010001	2	0	0	0	1
1111010010	1	0	0	1	0
1111010011	10	0	0	1	1
1111010100	6	0	0	0	0
1111010101	6	0	0	0	1
1111010110	1	0	0	1	0
1111010111	19	0	0	1	1
1111011000	3	0	0	0	0
1111011001	2	0	0	0	1
1111011011	3	0	0	1	1
1111011100	12	0	0	0	0
1111011101	18	0	0	0	1
1111011110	8	0	0	1	0
1111011111	26	0	0	1	1
1111100000	16	0	0	0	0
1111100001	35	0	0	0	1
1111100010	18	0	0	1	0
1111100011	233	0	0	1	1
1111100100	437	0	0	0	0
1111100101	1727	0	0	0	1
1111100110	747	0	0	1	0
1111100111	13302	0	0	1	1
1111101000	2	0	0	0	0
1111101001	3	0	0	0	1
1111101010	4	0	0	1	0
1111101011	11	0	0	1	1
1111101100	302	0	0	0	0
1111101101	2117	0	0	0	1
1111101110	506	0	0	1	0
1111101111	10807	0	0	1	1
1111110000	19	0	0	0	0
1111110001	21	0	0	0	1
1111110010	13	0	0	1	0
1111110011	96	0	0	1	1
1111110100	530	0	0	0	0
1111110101	2874	0	0	0	1
1111110110	676	0	0	1	0
1111110111	12866	0	0	1	1
1111111001	2	0	0	0	1
1111111010	4	0	0	1	0
1111111011	35	0	0	1	1
1111111100	1016	1	0	0	0
1111111101	11977	1	0	0	1
1111111110	1607	1	0	1	0
1111111111	60728	1	0	1	1
